journalName,orig,reuse
3_Biotech,11,16
AAPS_J,1,0
ACS_Cent_Sci,1,1
ACS_Chem_Biol,5,1
ACS_Infect_Dis,3,0
ACS_Nano,1,0
ACS_Omega,1,0
ACS_Synth_Biol,1,0
Acta_Crystallogr_D_Biol_Crystallogr,1,0
Acta_Naturae,29,0
Acta_Neuropathol,15,13
Acta_Neuropathol_Commun,65,54
Acta_Orthop_Traumatol_Turc,1,3
Acta_Otorhinolaryngol_Ital,0,1
Acta_Pharmacol_Sin,0,1
Acta_Pharm_Sin_B,5,9
Acta_Vet_Scand,4,0
Addict_Behav_Rep,0,5
Addict_Biol,1,1
Addiction,1,0
Addict_Sci_Clin_Pract,0,2
Adipocyte,7,1
Adv_Appl_Bioinforma_Chem,5,2
Adv_Appl_Bioinform_Chem,0,1
Adv_Bioinformatics,19,14
Adv_Biomed_Res,0,1
Adv_Hematol,2,0
Adv_Mod_Oncol_Res,0,21
Adv_Pediatr_Res,1,0
Adv_Pharmacol_Sci,3,0
Adv_Prev_Med,2,1
Adv_Radiat_Oncol,1,0
Adv_Sci__Weinh_,2,1
Adv_Urol,1,3
Adv_Virol,1,4
Afr_Health_Sci,1,0
Afr_J_Lab_Med,16,3
Afr_J_Prim_Health_Care_Fam_Med,1,0
Age_Ageing,1,4
Age__Dordr_,6,0
Aging__Albany_NY_,141,211
Aging_Cell,110,41
Aging_Clin_Exp_Res,0,2
Aging_Dis,0,3
AIDS,0,2
AIDS_Behav,1,6
AIDS_Res_Ther,1,0
AIDS_Res_Treat,0,3
AIMS_Microbiol,6,1
Air_Qual_Atmos_Health,1,0
Algorithms_Mol_Biol,57,27
Aliment_Pharmacol_Ther,1,0
Allergy,1,0
Allergy_Asthma_Clin_Immunol,0,1
Allergy_Asthma_Immunol_Res,2,2
Alzheimers_Dement,0,1
Alzheimers_Dement__Amst_,1,0
Alzheimers_Dement__N_Y_,0,2
Alzheimers_Res_Ther,10,39
AMB_Express,142,5
Ambio,1,0
AMIA_Jt_Summits_Transl_Sci_Proc,6,28
Am_J_Clin_Nutr,3,0
Am_J_Clin_Pathol,1,0
Am_J_Epidemiol,0,1
Am_J_Hum_Genet,6,2
Am_J_Pathol,3,0
Am_J_Phys_Anthropol,2,0
Am_J_Physiol_Cell_Physiol,1,0
Am_J_Physiol_Endocrinol_Metab,2,5
Am_J_Physiol_Gastrointest_Liver_Physiol,2,0
Am_J_Physiol_Lung_Cell_Mol_Physiol,1,0
Am_J_Physiol_Regul_Integr_Comp_Physiol,1,0
Am_J_Physiol_Renal_Physiol,1,0
Am_J_Transplant,3,1
Am_J_Trop_Med_Hyg,7,1
Anal_Bioanal_Chem,27,0
Anal_Cell_Pathol__Amst_,5,15
Anal_Chem,5,0
Anal_Chem_Insights,0,1
Anat_Cell_Biol,1,0
Andrology,0,1
Angiogenesis,25,6
Animal_Model_Exp_Med,0,1
Animals__Basel_,45,3
Anim_Cells_Syst__Seoul_,2,2
Anim_Genet,16,2
Anim_Nutr,2,1
Ann_Bot,32,2
Ann_Clin_Microbiol_Antimicrob,2,0
Ann_Clin_Transl_Neurol,4,5
Ann_Gastroenterol,0,1
Ann_Gen_Hosp_Psychiatry,4,0
Ann_Gen_Psychiatry,3,7
Ann_Hematol,1,0
Ann_Intensive_Care,0,1
Ann_Lab_Med,1,0
Ann_Med,5,1
Ann_Neurol,2,3
Ann_Nucl_Med,1,0
Ann_Oncol,5,10
Ann_Rheum_Dis,10,3
Ann_Surg_Oncol,1,1
Ann_Surg_Treat_Res,1,0
Antibiotics__Basel_,11,1
Anticancer_Drugs,0,5
Antimicrob_Agents_Chemother,76,2
Antimicrob_Resist_Infect_Control,7,2
Antioxidants__Basel_,1,6
Antioxid_Redox_Signal,5,1
Antonie_Van_Leeuwenhoek,10,1
AoB_Plants,7,6
APL_Bioeng,3,3
Apoptosis,1,0
Appl_Biochem_Biotechnol,1,0
Appl_Econ,3,12
Appl_Environ_Microbiol,437,22
Appl_Immunohistochem_Mol_Morphol,1,0
Appl_Microbiol_Biotechnol,76,2
Appl_Netw_Sci,0,1
Appl_Plant_Sci,237,14
Appl_Transl_Genom,4,0
Archaea,22,3
Arch_Biochem_Biophys,1,0
Arch_Dermatol_Res,1,0
Arch_Med_Sci,6,5
Arch_Microbiol,1,0
Arch_Osteoporos,0,1
Arch_Toxicol,18,44
Arch_Virol,8,1
Arterioscler_Thromb_Vasc_Biol,3,1
Arthritis_Res_Ther,102,45
Arthritis_Rheum,1,1
Arthritis_Rheumatol,18,3
Asian-Australas_J_Anim_Sci,37,10
Asian_J_Androl,3,1
Asian_J_Urol,1,0
Asian_Pac_J_Cancer_Prev,0,11
ASN_Neuro,7,2
Atherosclerosis,1,0
Autophagy,9,14
Avicenna_J_Med_Biotechnol,1,3
Bacteriophage,5,0
Balkan_J_Med_Genet,7,4
Basic_Clin_Androl,0,1
Basic_Clin_Pharmacol_Toxicol,0,3
Basic_Res_Cardiol,2,1
BBA_Clin,1,1
Behav_Brain_Funct,7,7
Behav_Brain_Res,1,0
Behav_Ecol_Sociobiol,0,1
Behav_Neurol,0,2
Behav_Res_Methods,0,1
Behav_Sci__Basel_,1,1
Beilstein_J_Nanotechnol,16,13
Beilstein_J_Org_Chem,2,0
Big_Data,0,1
Biochem_Biophys_Rep,11,4
Biochem_Biophys_Res_Commun,1,5
Biochem_Genet,2,0
Biochem_Insights,1,0
Biochemistry,2,2
Biochem_J,9,5
Biochem_Pharmacol,0,1
Biochem_Res_Int,0,2
Biochim_Biophys_Acta,3,1
Biochim_Biophys_Acta_Gene_Regul_Mech,1,0
Biochimie,9,0
Biochim_Open,1,0
BioData_Min,34,90
Biodegradation,1,0
Biodivers_Data_J,3,1
Bioengineered,3,2
Bioengineering__Basel_,1,0
Bioeng_Transl_Med,3,0
Biofouling,1,0
Biogerontology,1,2
Bioimpacts,0,6
Bioinformatics,377,225
Bioinformation,40,47
Bioinform_Biol_Insights,92,26
Biol_Bull,1,0
Biol_Cell,0,1
Biol_Direct,93,65
Biol_Invasions,1,0
Biol_Lett,2,0
Biology__Basel_,28,9
Biol_Open,87,19
Biol_Proced_Online,4,4
Biol_Psychiatry,1,2
Biol_Reprod,24,4
Biol_Res,17,20
Biol_Sex_Differ,35,7
Biol_Sport,1,0
Biomark_Cancer,3,3
Biomark_Insights,7,10
Biomark_Res,9,21
Biomed_Eng_Online,1,11
Biomed_Genet_Genom,1,0
Biomedicines,3,5
Biomed_Inform_Insights,1,1
Biomed_Opt_Express,0,2
Biomed_Rep,3,6
Biomed_Res_Int,398,467
Biometals,0,1
Biometrika,0,1
Biomol_Detect_Quantif,4,0
Biomolecules,44,19
Biomol_Ther__Seoul_,0,6
Biophys_Rep,1,0
Biophys_Rev,9,3
Bio_Protoc,12,3
Biopsychosoc_Med,0,1
Biores_Open_Access,1,0
Bioresour_Bioprocess,3,0
Biosci_Microbiota_Food_Health,14,2
Biosci_Rep,39,132
Biostatistics,2,2
Biotechnol_Bioeng,9,1
Biotechnol_Biofuels,363,49
Biotechnol_Biotechnol_Equip,1,1
Biotechnol_Lett,1,0
Biotechnol_Prog,0,1
Biotechnol_Rep__Amst_,10,1
Birth_Defects_Res_A_Clin_Mol_Teratol,0,1
BIT_Numer_Math,1,0
BJU_Int,1,2
Bladder_Cancer,1,5
Blood_Cancer_J,32,68
BMB_Rep,15,18
BMC_Anesthesiol,0,2
BMC_Biochem,3,2
BMC_Bioinformatics,2073,1788
BMC_Biol,258,42
BMC_Biophys,0,1
BMC_Biotechnol,45,10
BMC_Cancer,483,774
BMC_Cardiovasc_Disord,5,10
BMC_Cell_Biol,25,4
BMC_Clin_Pathol,2,1
BMC_Complement_Altern_Med,19,6
BMC_Dermatol,1,1
BMC_Dev_Biol,77,5
BMC_Ear_Nose_Throat_Disord,2,0
BMC_Ecol,12,2
BMC_Emerg_Med,1,0
BMC_Endocr_Disord,5,1
BMC_Evol_Biol,576,92
BMC_Fam_Pract,11,11
BMC_Gastroenterol,10,2
BMC_Genet,147,55
BMC_Genomics,9977,2453
BMC_Geriatr,56,84
BMC_Health_Serv_Res,16,28
BMC_Hematol,0,4
BMC_Immunol,43,16
BMC_Infect_Dis,117,15
BMC_Int_Health_Hum_Rights,0,1
BMC_Med,31,31
BMC_Med_Educ,0,1
BMC_Med_Ethics,2,1
BMC_Med_Genet,46,60
BMC_Med_Genomics,469,612
BMC_Med_Imaging,0,1
BMC_Med_Inform_Decis_Mak,2,11
BMC_Med_Res_Methodol,1,7
BMC_Microbiol,542,63
BMC_Mol_Biol,60,7
BMC_Mol_Cell_Biol,1,1
BMC_Musculoskelet_Disord,13,9
BMC_Nephrol,14,10
BMC_Neurol,26,36
BMC_Neurosci,46,19
BMC_Nurs,4,4
BMC_Obes,1,1
BMC_Ophthalmol,6,6
BMC_Oral_Health,5,5
BMC_Palliat_Care,0,4
BMC_Pediatr,2,2
BMC_Pharmacol,1,0
BMC_Pharmacol_Toxicol,3,2
BMC_Physiol,21,11
BMC_Plant_Biol,1104,338
BMC_Pregnancy_Childbirth,4,0
BMC_Proc,6,4
BMC_Psychiatry,22,33
BMC_Psychol,0,4
BMC_Public_Health,17,38
BMC_Pulm_Med,12,13
BMC_Res_Notes,365,154
BMC_Struct_Biol,2,1
BMC_Syst_Biol,356,331
BMC_Urol,7,13
BMC_Vet_Res,66,14
BMC_Womens_Health,1,5
BMJ,0,4
BMJ_Open,25,49
BMJ_Open_Diabetes_Res_Care,0,1
BMJ_Open_Gastroenterol,5,2
BMJ_Open_Respir_Res,2,1
BMJ_Paediatr_Open,1,0
Bone,0,2
Bone_Joint_Res,3,24
Bone_Rep,2,1
Bone_Res,2,3
Bot_Stud,21,6
Brain,13,4
Brain_Behav,5,10
Brain_Behav_Immun,1,1
Brain_Imaging_Behav,0,1
Brain_Sci,5,8
Brain_Struct_Funct,4,1
Braz_J_Med_Biol_Res,4,20
Braz_J_Microbiol,31,0
Breast_Cancer__Auckl_,1,3
Breast_Cancer__Dove_Med_Press_,5,8
Breast_Cancer_Res,266,429
Breast_Cancer_Res_Treat,23,51
Breed_Sci,42,7
Brief_Bioinform,40,62
Brief_Funct_Genomics,20,1
Br_J_Anaesth,1,0
Br_J_Cancer,139,275
Br_J_Haematol,5,2
Br_J_Health_Psychol,0,1
Br_J_Nutr,2,0
Br_J_Ophthalmol,0,1
Br_J_Pharmacol,2,7
Br_J_Surg,0,2
Bull_World_Health_Organ,1,1
Cancer,2,3
Cancer_Biol_Med,1,4
Cancer_Biol_Ther,4,5
Cancer_Biomark,0,1
Cancer_Cell,56,25
Cancer_Cell_Int,27,186
Cancer_Commun__Lond_,2,17
Cancer_Control,1,3
Cancer_Gene_Ther,4,2
Cancer_Immunol_Immunother,0,8
Cancer_Inform,53,193
Cancer_Manag_Res,25,248
Cancer_Med,83,177
Cancer_Metab,8,10
Cancer_Metastasis_Rev,0,4
Cancer_Res_Treat,3,10
Cancers__Basel_,84,208
Cancer_Sci,71,106
Can_Geriatr_J,3,1
Can_J_Gastroenterol_Hepatol,1,0
Can_J_Infect_Dis_Med_Microbiol,8,0
Can_J_Kidney_Health_Dis,2,0
Carcinogenesis,13,11
Cardiovasc_Diabetol,15,2
Cardiovasc_Drugs_Ther,1,0
Cardiovasc_Hematol_Agents_Med_Chem,4,0
Cardiovasc_Res,1,1
Cartilage,1,0
Case_Rep_Hematol,2,0
Case_Rep_Infect_Dis,2,0
Case_Rep_Neurol,0,1
Case_Rep_Psychiatry,0,1
Catheter_Cardiovasc_Interv,1,0
CBE_Life_Sci_Educ,1,0
Cell,131,27
Cell_Adh_Migr,0,3
Cell_Biol_Toxicol,1,0
Cell_Biosci,16,14
Cell_Chem_Biol,2,2
Cell_Commun_Signal,24,50
Cell_Cycle,22,40
Cell_Death_Differ,31,18
Cell_Death_Dis,277,536
Cell_Death_Discov,26,27
Cell_Discov,82,24
Cell_Div,0,2
Cell_Host_Microbe,271,0
Cell_J,4,14
Cell_Metab,40,20
Cell_Microbiol,13,1
Cell_Mol_Biol_Lett,10,12
Cell_Mol_Gastroenterol_Hepatol,100,27
Cell_Mol_Immunol,3,7
Cell_Mol_Life_Sci,24,16
Cell_Oncol__Dordr_,7,2
Cell_Regen__Lond_,4,2
Cell_Rep,649,227
Cell_Res,87,28
Cells,54,43
Cell_Signal,1,0
Cell_Stem_Cell,67,23
Cell_Stress,0,3
Cell_Stress_Chaperones,2,0
Cell_Syst,18,8
Cell_Tissue_Res,2,0
Cell_Transplant,2,0
Cereb_Cortex,3,3
Cerebellum,0,4
Cerebrospinal_Fluid_Res,1,0
Chem_Res_Toxicol,4,0
Chem_Sci,1,0
Chest,0,2
Chin_J_Cancer,12,3
Chin_J_Cancer_Res,1,4
Chin_Med,4,1
Chin_Med_J__Engl_,15,13
Chromosoma,23,0
Chromosome_Res,3,4
Cilia,0,1
Circ_Cardiovasc_Genet,9,2
Circ_Res,3,1
Circulation,7,0
Clin_Auton_Res,1,0
Clin_Dev_Immunol,1,0
Clin_Diabetes_Endocrinol,0,1
Clin_Drug_Investig,0,2
Clin_Epidemiol,5,15
Clin_Epigenetics,156,188
Clin_Exp_Dent_Res,1,0
Clin_Exp_Gastroenterol,2,1
Clin_Exp_Metastasis,6,3
Clin_Exp_Nephrol,0,1
Clinics__Sao_Paulo_,2,4
Clin_Infect_Dis,15,1
Clin_Interv_Aging,4,20
Clin_J_Pain,0,2
Clin_Kidney_J,0,1
Clin_Med_Insights_Oncol,0,1
Clin_Microbiol_Infect,39,0
Clin_Mol_Allergy,2,0
Clin_Pharmacol,1,0
Clin_Pharmacol_Ther,1,0
Clin_Pract_Epidemiol_Ment_Health,0,2
Clin_Proteomics,1,6
Clin_Psychopharmacol_Neurosci,1,4
Clin_Sarcoma_Res,1,0
Clin_Sci__Lond_,2,0
Clin_Transl_Allergy,0,2
Clin_Transl_Gastroenterol,44,3
Clin_Transl_Immunology,1,0
Clin_Transl_Med,4,11
Clin_Transl_Radiat_Oncol,1,0
Clin_Transl_Sci,1,4
Clin_Vaccine_Immunol,3,0
Clujul_Med,0,2
CNS_Drugs,1,1
Cochrane_Database_Syst_Rev,0,2
Cogn_Neuropsychiatry,0,1
Cold_Spring_Harb_Mol_Case_Stud,27,3
Colomb_Med__Cali_,1,1
Commun_Biol,146,66
Commun_Integr_Biol,11,2
Comp_Cytogenet,4,5
Comp_Funct_Genomics,68,36
Comp_Hepatol,2,1
Comput_Biol_Chem,3,2
Comput_Intell_Neurosci,1,4
Comput_Math_Methods_Med,27,63
Comput_Struct_Biotechnol_J,26,38
Conserv_Genet,1,0
Conserv_Physiol,2,1
Contemp_Clin_Trials_Commun,1,3
Contemp_Drug_Probl,1,0
Contemp_Oncol__Pozn_,0,4
Contrast_Media_Mol_Imaging,0,4
Coral_Reefs,1,0
CPT_Pharmacometrics_Syst_Pharmacol,4,6
CRISPR_J,5,0
Crit_Care,18,10
Crit_Care_Med,2,3
Crit_Rev_Biochem_Mol_Biol,0,1
Croat_Med_J,0,1
Cureus,0,5
Curr_Aging_Sci,0,1
Curr_Bioinform,1,3
Curr_Biol,83,11
Curr_Chem_Genomics,1,0
Curr_Dev_Nutr,1,1
Curr_Genet,4,0
Curr_Genomics,24,34
Curr_Gerontol_Geriatr_Res,0,3
Curr_HIV_Res,1,0
Curr_Med_Chem,1,0
Curr_Microbiol,8,0
Curr_Mol_Med,1,0
Curr_Neuropharmacol,0,3
Curr_Opin_Genet_Dev,0,2
Curr_Opin_Plant_Biol,0,1
Curr_Opin_Rheumatol,0,1
Curr_Osteoporos_Rep,0,1
Curr_Pulmonol_Rep,0,1
Curr_Zool,0,2
Cytotechnology,0,2
Daru,1,0
Database__Oxford_,354,199
Data_Brief,662,74
Dement_Geriatr_Cogn_Dis_Extra,0,6
Dement_Neurocogn_Disord,0,1
Dement_Neuropsychol,0,8
Dev_Biol,7,2
Dev_Cell,55,7
Dev_Dyn,2,0
Development,155,33
Dev_Genes_Evol,2,0
Dev_Neurobiol,1,0
Diabetes,59,22
Diabetes_Care,1,0
Diabetes_Metab_Syndr_Obes,0,3
Diabetes_Obes_Metab,1,0
Diabetes_Res_Clin_Pract,0,1
Diabetes_Technol_Ther,0,1
Diabetes_Ther,1,0
Diabetol_Metab_Syndr,1,0
Diabetologia,20,15
Diagnostics__Basel_,0,5
Diagn_Pathol,10,31
Dialogues_Clin_Neurosci,1,3
Dig_Dis_Sci,1,1
Diseases,2,1
Dis_Markers,11,62
Dis_Model_Mech,91,40
Diversity__Basel_,1,0
DNA_Res,536,93
Drug_Des_Devel_Ther,4,6
Drug_Metab_Dispos,1,0
EBioMedicine,174,258
Ecancermedicalscience,1,1
Echo_Res_Pract,180,0
EClinicalMedicine,1,0
Ecol_Evol,273,40
Ecol_Lett,1,1
Ecotoxicology,2,1
EFORT_Open_Rev,0,1
EJIFCC,0,2
EJNMMI_Res,11,3
Electron_Physician,2,3
Elementa__Wash_D_C_,1,1
eLife,2532,862
EMBO_J,135,16
EMBO_Mol_Med,182,153
EMBO_Rep,69,20
Emerg_Infect_Dis,209,21
Emerg_Microbes_Infect,68,9
Emerg_Themes_Epidemiol,0,1
Endocr_Connect,4,16
Endocrinol_Diabetes_Metab,1,0
Endocrinol_Metab__Seoul_,2,0
Endocrinology,11,5
Endocr_Pathol,0,2
Endocr_Relat_Cancer,13,14
Endosc_Int_Open,1,0
eNeuro,154,260
Environ_Entomol,1,0
Environ_Epidemiol,0,1
Environ_Epigenet,11,4
Environ_Health,6,4
Environ_Health_Insights,1,0
Environ_Health_Perspect,53,11
Environ_Health_Prev_Med,0,1
Environ_Health_Toxicol,1,0
Environ_Int,0,2
Environ_Microbiol,35,5
Environ_Microbiol_Rep,3,0
Environ_Mol_Mutagen,6,2
Environ_Monit_Assess,0,1
Environ_Sci_Eur,2,0
Environ_Sci_Pollut_Res_Int,4,3
Environ_Sci_Technol,13,1
Enzyme_Res,1,1
Epidemiol_Infect,4,2
Epigenetics,68,50
Epigenetics_Chromatin,266,135
Epigenet_Insights,0,2
Epigenomics,9,17
Eplasty,1,0
Equine_Vet_J,0,2
ERJ_Open_Res,6,12
ESC_Heart_Fail,0,1
ESMO_Open,3,9
Eukaryot_Cell,3,0
EuPA_Open_Proteom,1,3
Eur_Arch_Psychiatry_Clin_Neurosci,0,1
EURASIP_J_Bioinform_Syst_Biol,2,12
Eur_Child_Adolesc_Psychiatry,0,1
Eur_Heart_J,1,0
Eur_J_Ageing,2,3
Eur_J_Cancer,2,0
Eur_J_Cancer_Prev,2,1
Eur_J_Clin_Microbiol_Infect_Dis,3,0
Eur_J_Clin_Nutr,0,1
Eur_J_Clin_Pharmacol,0,1
Eur_J_Epidemiol,0,3
Eur_J_Gastroenterol_Hepatol,1,0
Eur_J_Health_Econ,0,1
Eur_J_Hum_Genet,8,2
Eur_J_Immunol,25,13
Eur_J_Med_Res,6,19
Eur_J_Microbiol_Immunol__Bp_,4,0
Eur_J_Neurosci,1,0
Eur_J_Nucl_Med_Mol_Imaging,1,0
Eur_J_Nutr,2,2
Eur_J_Psychol,0,1
Euro_Surveill,59,12
Eur_Radiol,1,0
Eur_Respir_J,4,13
Eur_Rev_Aging_Phys_Act,0,2
Eur_Urol,3,0
Evid_Based_Complement_Alternat_Med,26,16
EvoDevo,13,9
Evol_Appl,75,11
Evol_Bioinform_Online,116,44
Evol_Dev,1,0
Evol_Lett,23,5
Evol_Med_Public_Health,3,0
Evolution,8,1
EXCLI_J,5,7
Exp_Anim,3,1
Exp_Brain_Res,1,1
Exp_Dermatol,0,1
Expert_Rev_Anti_Infect_Ther,0,3
Exp_Eye_Res,1,0
Exp_Gerontol,1,0
Exp_Hematol,1,0
Exp_Hematol_Oncol,12,29
Exp_Mol_Med,27,111
Exp_Neurobiol,1,2
Exp_Neurol,1,0
Exp_Ther_Med,48,189
Exp_Transl_Stroke_Med,1,1
Extremophiles,9,0
Eye_Vis__Lond_,0,1
F1000_Biol_Rep,0,1
F1000Prime_Rep,0,1
F1000Res,748,314
Fam_Cancer,1,0
FASEB_J,17,10
FEBS_J,3,3
FEBS_Lett,9,8
FEBS_Open_Bio,98,193
FEMS_Microbiol_Ecol,36,15
FEMS_Microbiol_Lett,9,0
FEMS_Microbiol_Rev,12,1
FEMS_Yeast_Res,30,4
Fibrogenesis_Tissue_Repair,4,1
Fish_Physiol_Biochem,1,2
Fluids_Barriers_CNS,8,9
Foodborne_Pathog_Dis,6,0
Food_Control,2,0
Foods,1,1
Food_Sci_Nutr,1,1
Forensic_Sci_Int_Genet,1,0
Front_Aging_Neurosci,30,81
Front_Behav_Neurosci,15,2
Front_Bioeng_Biotechnol,48,26
Front_Cardiovasc_Med,11,23
Front_Cell_Dev_Biol,16,27
Front_Cell_Infect_Microbiol,241,20
Front_Cell_Neurosci,63,32
Front_Chem,8,11
Front_Endocrinol__Lausanne_,52,23
Front_Genet,722,524
Front_Hum_Neurosci,2,9
Front_Immunol,543,286
Front_Integr_Neurosci,1,0
Front_Med__Lausanne_,5,16
Front_Microbiol,4055,336
Front_Mol_Biosci,17,21
Front_Mol_Neurosci,98,51
Front_Neural_Circuits,1,0
Front_Neuroanat,4,3
Front_Neuroinform,0,2
Front_Neuroinformatics,1,0
Front_Neurol,9,22
Front_Neurosci,80,130
Front_Nutr,2,1
Front_Oncol,65,171
Front_Pediatr,5,6
Front_Pharmacol,257,135
Front_Physiol,295,220
Front_Plant_Sci,1825,621
Front_Psychiatry,5,12
Front_Psychol,5,29
Front_Public_Health,108,3
Front_Surg,1,0
Front_Synaptic_Neurosci,2,0
Front_Syst_Neurosci,1,0
Front_Vet_Sci,23,2
Front_Zool,29,5
Funct_Integr_Genomics,12,2
Fungal_Biol_Biotechnol,7,5
Fungal_Genet_Biol,3,1
Future_Sci_OA,2,7
G3__Bethesda_,1416,198
Gastric_Cancer,2,5
Gastroenterol_Hepatol_Bed_Bench,4,20
Gastroenterology,6,2
Gastroenterol_Rep__Oxf_,0,1
Gastroenterol_Res_Pract,7,23
Gastrointest_Cancer,1,0
Gates_Open_Res,3,0
Gen_Comp_Endocrinol,5,2
Gene,9,9
Gene_Expr_Patterns,1,0
Gene_Regul_Syst_Bio,49,13
Genes__Basel_,492,290
Genes_Cancer,10,22
Genes_Cells,16,1
Genes_Chromosomes_Cancer,9,7
Genes_Dis,1,16
Genes_Environ,1,3
Genes_Genomics,7,2
Genes_Immun,21,8
Genesis,1,0
Genes_Nutr,31,8
Genet_Epidemiol,0,4
Genet_Epigenet,0,1
Genetics,156,50
Genet_Med,6,0
Genet_Mol_Biol,30,22
Genet_Res_Int,1,2
Genet_Resour_Crop_Evol,0,3
Genet_Sel_Evol,36,19
Genom_Data,795,151
Genome_Announc,2181,96
Genome_Biol,2840,912
Genome_Biol_Evol,1455,242
Genome_Integr,3,0
Genome_Med,321,304
Genomics_Inform,13,12
Genomics_Insights,2,1
Genomics_Proteomics_Bioinformatics,41,49
Geobiology,2,0
Geriatrics__Basel_,2,5
Gerontol_Geriatr_Med,0,2
GeroScience,1,0
Gigascience,1047,145
Glia,8,6
Glob_Chang_Biol,2,0
Glob_Change_Biol_Bioenergy,0,1
Glob_Health_Action,0,2
Glob_Health_Sci_Pract,1,18
Glob_J_Health_Sci,1,0
Glob_Ment_Health__Camb_,1,0
Glob_Qual_Nurs_Res,0,1
GMS_Z_Med_Ausbild,0,1
Gut,41,26
Gut_Liver,3,11
Gut_Microbes,7,0
Gut_Pathog,222,3
Haematologica,39,33
Harm_Reduct_J,1,1
Head_Face_Med,0,1
Head_Neck,0,1
Healthcare__Basel_,0,4
Healthc_Inform_Res,3,2
Health_Econ_Rev,0,3
Health_Inf_Sci_Syst,3,1
Health_Policy_Plan,0,1
Health_Promot_Int,1,0
Health_Qual_Life_Outcomes,5,22
Health_Res_Policy_Syst,0,3
Health_Sci_Rep,1,0
Helicobacter,3,2
Heliyon,45,22
Hematol_Oncol,0,1
Hematol_Rep,1,0
Hepat_Med,1,0
Hepat_Mon,0,5
Hepatol_Commun,10,9
Hepatology,13,7
Hereditas,22,14
Heredity__Edinb_,12,6
High_Throughput,6,5
Hippocampus,1,0
Histochem_Cell_Biol,3,2
HIV_AIDS__Auckl_,2,1
Hortic_Res,100,33
Hugo_J,1,0
Hum_Cell,0,1
Hum_Genet,13,8
Hum_Genome_Var,6,6
Hum_Genomics,84,22
Hum_Genomics_Proteomics,1,0
Hum_Mol_Genet,80,36
Hum_Mutat,4,5
Hum_Reprod,3,4
Hum_Reprod_Update,0,1
Hum_Resour_Health,2,2
Hum_Vaccin_Immunother,1,0
Hydrobiologia,1,0
Hypertension,4,1
Hypertens_Pregnancy,1,0
IMA_Fungus,33,0
Immun_Ageing,4,1
Immune_Netw,6,19
Immun_Inflamm_Dis,1,2
Immunity,39,15
Immunogenetics,5,2
Immunohorizons,0,2
Immunol_Cell_Biol,3,3
Immunology,2,0
Immunol_Rev,17,6
Immunome_Res,6,1
Implement_Sci,4,4
Indian_J_Dermatol,0,2
Indian_J_Endocrinol_Metab,0,2
Indian_J_Med_Res,3,0
Indian_J_Psychiatry,0,2
Indian_J_Urol,0,1
Infect_Agent_Cancer,2,3
Infect_Dis_Model,0,2
Infect_Dis_Obstet_Gynecol,1,0
Infect_Dis_Poverty,1,0
Infect_Drug_Resist,47,8
Infect_Ecol_Epidemiol,8,0
Infect_Genet_Evol,16,0
Infect_Immun,22,1
Inflamm_Bowel_Dis,9,8
Inflamm_Regen,2,3
Inflamm_Res,0,1
Influenza_Other_Respir_Viruses,0,1
Inhal_Toxicol,2,0
Innov_Aging,0,1
Insect_Mol_Biol,2,0
Insects,11,2
Insights_Cancer_Res,0,3
In_Silico_Biol,3,3
In_Silico_Pharmacol,1,0
Int_Braz_J_Urol,0,2
Integr_Biol__Camb_,3,6
Integr_Cancer_Ther,0,1
Intensive_Care_Med_Exp,3,2
Interdiscip_Sci,0,1
Interface_Focus,0,2
Intest_Res,1,0
Int_Health,0,1
Int_Immunol,2,0
Int_J_Alzheimers_Dis,0,7
Int_J_Androl,1,0
Int_J_Behav_Nutr_Phys_Act,0,2
Int_J_Biol_Sci,71,90
Int_J_Breast_Cancer,1,1
Int_J_Cancer,29,70
Int_J_Cell_Biol,3,3
Int_J_Chron_Obstruct_Pulmon_Dis,4,11
Int_J_Clin_Oncol,0,3
Int_J_Clin_Pharm,0,1
Int_J_Endocrinol,5,20
Int_J_Endocrinol_Metab,1,2
Int_J_Environ_Res_Public_Health,65,25
Int_J_Epidemiol,1,2
Int_J_Equity_Health,1,2
Int_J_Evol_Biol,2,0
Int_J_Fertil_Steril,3,1
Int_J_Food_Microbiol,2,0
Int_J_Genomics,172,98
Int_J_Geriatr_Psychiatry,64,2
Int_J_Hematol_Oncol_Stem_Cell_Res,0,4
Int_J_Immunopathol_Pharmacol,0,2
Int_J_Med_Chem,0,1
Int_J_Med_Microbiol,1,0
Int_J_Med_Sci,6,22
Int_J_Ment_Health_Addict,0,3
Int_J_Ment_Health_Syst,0,2
Int_J_Microbiol,10,1
Int_J_Mol_Med,52,140
Int_J_Mol_Sci,887,651
Int_J_Nanomedicine,6,9
Int_J_Nephrol,1,0
Int_J_Nephrol_Renovasc_Dis,1,0
Int_J_Neuropsychopharmacol,2,9
Int_J_Obes__Lond_,12,4
Int_J_Oncol,42,197
Int_J_Oral_Sci,2,0
Int_J_Otolaryngol,0,1
Int_J_Parasitol,9,2
Int_J_Parasitol_Drugs_Drug_Resist,6,4
Int_J_Parasitol_Parasites_Wildl,11,5
Int_J_Part_Ther,3,1
Int_J_Plant_Genomics,2,5
Int_J_Qual_Stud_Health_Well-being,0,1
Int_J_Rheumatol,1,0
Int_J_Stem_Cell_Res_Ther,1,0
Int_J_Syst_Evol_Microbiol,18,1
Int_J_Telemed_Appl,0,1
Int_J_Tryptophan_Res,0,1
Int_J_Yoga,0,1
Int_Neurourol_J,1,0
Int_Psychogeriatr,2,1
Int_Urol_Nephrol,2,5
Investig_Clin_Urol,2,1
Investig_Genet,3,1
Invest_Ophthalmol_Vis_Sci,19,6
In_Vitro_Cell_Dev_Biol_Anim,1,1
Iperception,1,0
Iran_Biomed_J,2,18
Iranian_J_Environ_Health_Sci_Eng,3,0
Iran_J_Basic_Med_Sci,1,4
Iran_J_Biotechnol,0,2
Iran_J_Cancer_Prev,0,1
Iran_J_Med_Sci,1,0
Iran_J_Pathol,1,2
Iran_J_Psychiatry_Behav_Sci,0,2
Iran_J_Public_Health,0,3
iScience,64,16
Islets,0,1
ISME_J,348,13
ISRN_Bioinform,23,12
ISRN_Cardiol,1,0
ISRN_Microbiol,2,2
ISRN_Neurol,0,1
ISRN_Neurosci,0,1
ISRN_Oncol,2,7
Ital_J_Food_Saf,1,0
J_Abnorm_Child_Psychol,0,1
JACC_Basic_Transl_Sci,1,3
J_Acquir_Immune_Defic_Syndr,3,6
J_Adolesc_Health,0,1
J_Adv_Res,2,5
J_Aging_Health,0,1
J_Aging_Res,0,2
JAKSTAT,17,8
J_Allergy__Cairo_,7,5
J_Allergy_Clin_Immunol,4,6
J_Alzheimers_Dis,3,23
J_Alzheimers_Dis_Parkinsonism,0,1
J_Alzheimers_Dis_Rep,0,1
J_Am_Acad_Child_Adolesc_Psychiatry,0,1
JAMA_Netw_Open,0,1
JAMA_Pediatr,1,0
J_Am_Chem_Soc,0,1
J_Am_Heart_Assoc,30,21
J_Am_Med_Inform_Assoc,13,14
J_Am_Soc_Mass_Spectrom,0,1
J_Angiogenes_Res,0,1
J_Anim_Ecol,2,0
J_Anim_Sci,2,0
J_Anim_Sci_Biotechnol,26,1
J_Anim_Sci_Technol,4,2
J_Antimicrob_Chemother,41,4
J_Appl_Crystallogr,0,2
J_Appl_Genet,9,5
J_Appl_Phycol,0,1
J_Appl_Physiol__1985_,1,0
J_Appl_Toxicol,2,1
J_Assist_Reprod_Genet,2,1
J_Atheroscler_Thromb,0,2
J_Autism_Dev_Disord,0,2
J_Autoimmun,1,1
J_Bacteriol,28,6
J_Basic_Microbiol,1,0
J_Behav_Addict,1,12
J_Bioanal_Biomed,1,2
J_Biogeogr,0,1
J_Biol,15,9
J_Biol_Chem,61,20
J_Biol_Eng,3,1
J_Biol_Res__Thessalon_,21,7
J_Biol_Rhythms,5,6
J_Biomark,1,0
J_Biomed_Biotechnol,23,35
J_Biomed_Mater_Res_B_Appl_Biomater,0,1
J_Biomed_Sci,20,17
J_Biomed_Semantics,0,12
J_Biotechnol,2,0
JBMR_Plus,2,2
J_Bone_Miner_Res,3,0
J_Bone_Oncol,2,5
J_Breast_Cancer,2,23
J_Cachexia_Sarcopenia_Muscle,7,7
J_Cancer,39,282
J_Cancer_Prev,1,2
J_Cancer_Res_Clin_Oncol,3,8
J_Cancer_Sci_Ther,1,3
J_Cancer_Ther,1,4
J_Carcinog,2,1
J_Carcinog_Mutagen,1,2
J_Cardiovasc_Dev_Dis,2,1
J_Cell_Biochem,3,15
J_Cell_Biol,99,48
J_Cell_Commun_Signal,2,1
J_Cell_Mol_Med,70,142
J_Cell_Physiol,8,7
J_Cell_Sci,21,5
J_Cent_Nerv_Syst_Dis,17,2
J_Cereb_Blood_Flow_Metab,4,0
J_Chem_Inf_Model,1,0
J_Cheminform,0,1
JCI_Insight,15,13
J_Clin_Biochem_Nutr,2,1
J_Clin_Bioinforma,44,39
J_Clin_Endocrinol_Metab,7,6
J_Clin_Exp_Hematop,0,2
J_Clin_Invest,18,8
J_Clin_Med,19,44
J_Clin_Med_Res,1,2
J_Clin_Microbiol,850,19
J_Clin_Neurol,2,3
J_Clin_Oncol,3,0
J_Clin_Pathol,0,3
J_Clin_Res_Pediatr_Endocrinol,0,1
J_Clin_Transl_Hepatol,0,1
J_Clin_Transl_Sci,1,0
J_Comp_Physiol_B,3,0
J_Comp_Physiol_[B],3,0
J_Comput_Biol,16,5
J_Conserv_Dent,1,0
JCO_Precis_Oncol,1,1
J_Crohns_Colitis,7,5
J_Cross_Cult_Gerontol,0,1
J_Cyst_Fibros,1,0
J_Dermatol_Sci,0,1
J_Dev_Biol,1,0
J_Diabetes_Investig,4,10
J_Diabetes_Res,9,3
J_Endocr_Soc,13,5
J_Enzyme_Inhib_Med_Chem,1,4
J_Epidemiol,0,6
J_Epidemiol_Community_Health,0,3
J_Equine_Sci,2,0
J_Ethnobiol_Ethnomed,40,2
J_Eukaryot_Microbiol,1,0
J_Exerc_Nutrition_Biochem,2,4
J_Exp_Bot,282,151
J_Exp_Clin_Cancer_Res,69,349
J_Exp_Med,590,164
J_Exp_Zool_B_Mol_Dev_Evol,2,0
J_Extracell_Vesicles,24,10
J_Fish_Biol,1,0
J_Foot_Ankle_Res,0,1
J_Fungi__Basel_,22,22
J_Gastroenterol,3,2
J_Genet_Eng_Biotechnol,1,3
J_Genet_Genomics,1,0
J_Genet_Syndr_Gene_Ther,0,1
J_Gen_Intern_Med,5,3
J_Genomics,53,33
J_Gen_Physiol,4,4
J_Gen_Virol,6,0
J_Geochem_Explor,0,1
J_Geriatr_Cardiol,0,1
J_Gerontol_A_Biol_Sci_Med_Sci,4,0
J_Ginseng_Res,10,0
J_Glob_Health,0,3
J_Glob_Infect_Dis,0,1
J_Glob_Oncol,0,1
J_Gynecol_Oncol,0,1
J_Headache_Pain,1,0
J_Healthc_Eng,3,0
J_Health_Commun,0,1
J_Health_Serv_Res_Policy,0,2
J_Hematol_Oncol,74,162
J_Hepatol,3,1
J_Hered,4,0
J_Hosp_Infect,2,0
J_Hum_Genet,4,7
J_Hum_Reprod_Sci,1,1
J_Hypertens,3,1
J_Immunol,23,2
J_Immunol_Methods,4,5
J_Immunol_Res,15,27
J_Immunother_Cancer,12,5
J_Ind_Microbiol_Biotechnol,3,1
J_Infect,0,3
J_Infect_Dis,71,8
J_Inflamm__Lond_,3,1
J_Inflamm_Res,0,1
J_Insect_Sci,20,7
J_Int_AIDS_Soc,4,11
J_Integr_Bioinform,4,2
J_Integr_Plant_Biol,2,3
J_Intern_Med,3,0
J_Int_Med_Res,27,67
J_Int_Neuropsychol_Soc,1,0
J_Invest_Dermatol,50,24
J_Investig_Med,2,0
J_Korean_Med_Sci,1,5
J_Leukoc_Biol,3,1
J_Lipid_Res,9,4
J_Lipids,4,15
J_Mammary_Gland_Biol_Neoplasia,1,1
J_Med_Case_Rep,1,0
J_Med_Chem,1,0
J_Med_Genet,4,4
J_Med_Internet_Res,1,5
J_Med_Microbiol,7,0
J_Med_Signals_Sens,1,9
J_Microbiol_Methods,1,0
JMIR_Med_Inform,0,1
JMIR_Mhealth_Uhealth,0,2
JMIR_Public_Health_Surveill,0,1
JMIR_Rehabil_Assist_Technol,0,1
JMIR_Res_Protoc,0,1
JMM_Case_Rep,1,0
J_Mol_Biol,2,0
J_Mol_Cell_Biol,12,42
J_Mol_Cell_Cardiol,4,1
J_Mol_Endocrinol,3,0
J_Mol_Evol,2,0
J_Mol_Histol,1,3
J_Mol_Med,7,4
J_Mol_Med__Berl_,7,11
J_Mol_Neurosci,6,7
J_Mol_Psychiatry,2,0
J_Mol_Signal,1,2
J_Nanobiotechnology,4,0
J_Natl_Cancer_Inst,9,17
J_Nat_Med,1,0
J_Nat_Prod,2,2
JNCI_Cancer_Spectr,0,2
J_Neural_Transm,0,1
J_Neurochem,3,0
J_Neurodev_Disord,3,5
J_Neuroendocrinol,2,0
J_Neuroeng_Rehabil,0,1
J_Neurogastroenterol_Motil,0,1
J_Neurogenet,1,0
J_Neuroinflammation,45,25
J_Neurol,1,5
J_Neurol_Neurosurg_Psychiatry,1,0
J_Neurol_Sci,0,1
J_Neuromuscul_Dis,0,1
J_Neurooncol,5,10
J_Neuropathol_Exp_Neurol,0,5
J_Neurophysiol,2,0
J_Neurosci,2,1
J_Neurovirol,2,3
J_Nucleic_Acids,1,0
J_Nurs_Res,0,1
J_Nutr,4,0
J_Nutr_Health_Aging,0,2
J_Nutr_Sci,3,0
J_Ocul_Biol_Dis_Infor,4,0
J_Oncol,1,22
J_Open_Res_Softw,0,1
J_Ophthalmol,3,5
J_Oral_Microbiol,13,1
J_Orthop_Res,1,0
J_Orthop_Surg_Res,8,15
journalName,0,0
J_Ovarian_Res,16,47
J_Pain_Res,4,3
J_Parkinsons_Dis,0,1
J_Pathog,1,1
J_Pathol,30,26
J_Pathol_Clin_Res,8,7
J_Pers_Med,6,3
J_Pharmacol_Exp_Ther,1,0
J_Pharm_Anal,0,1
J_Pharm_Health_Care_Sci,2,0
J_Phycol,4,0
J_Physiol_Anthropol,1,0
J_Phys_Ther_Sci,1,7
J_Plant_Res,1,0
J_Proteome_Res,10,4
J_Proteomics,3,1
J_Proteomics_Bioinform,2,3
J_Public_Health_Africa,0,1
J_Radiat_Res,6,3
J_Renin_Angiotensin_Aldosterone_Syst,1,13
J_Reprod_Dev,16,2
J_Res_Med_Sci,1,2
J_RNAi_Gene_Silencing,1,1
J_R_Soc_Interface,6,12
J_Rural_Med,0,3
J_S_Afr_Vet_Assoc,1,0
J_Sci_Food_Agric,1,0
J_Skin_Cancer,1,0
JSLS,0,2
J_Smooth_Muscle_Res,0,1
J_Stem_Cells_Regen_Med,1,0
J_Steroid_Biochem_Mol_Biol,1,0
J_Struct_Funct_Genomics,0,1
J_Thorac_Oncol,1,0
J_Thromb_Haemost,0,1
J_Transl_Med,114,325
J_Urban_Health,0,1
J_Urol,0,2
J_Venom_Anim_Toxins_Incl_Trop_Dis,6,0
J_Venom_Res,1,0
J_Vet_Intern_Med,9,3
J_Vet_Med_Sci,12,3
J_Vet_Res,1,0
J_Vet_Sci,5,1
J_Viral_Hepat,2,0
J_Virol,231,24
J_Virus_Erad,0,1
J_Vis_Exp,29,4
Kidney_Int,10,5
Kidney_Int_Rep,1,0
Kidney_Res_Clin_Pract,1,0
Korean_J_Food_Sci_Anim_Resour,0,1
Korean_J_Parasitol,1,0
Korean_J_Physiol_Pharmacol,0,4
Korean_J_Urol,0,1
Lab_Anim_Res,0,1
Lab_Invest,11,5
Lancet,2,0
Lancet_Gastroenterol_Hepatol,1,0
Lancet_Glob_Health,0,1
Lancet_Infect_Dis,31,0
Lancet_Oncol,2,1
Lancet_Respir_Med,5,4
Lasers_Med_Sci,1,0
Leukemia,121,91
Leuk_Lymphoma,0,3
Leuk_Res_Rep,0,2
Life__Basel_,13,9
Life_Sci_Alliance,77,28
Life_Sci_Space_Res__Amst_,2,8
Limnol_Oceanogr_Methods,1,0
Lipids_Health_Dis,13,13
Liver_Int,1,22
Lung_Cancer_Int,0,1
Lung_Cancer_Manag,1,4
Lupus_Sci_Med,1,0
MAbs,1,0
Malar_J,59,40
Malawi_Med_J,0,1
Mamm_Genome,17,9
Mar_Biotechnol__NY_,18,0
Mar_Drugs,84,31
Mar_Environ_Res,1,0
Mar_Genomics,1,1
Materials__Basel_,3,2
Mater_Sociomed,0,1
Mayo_Clin_Proc_Innov_Qual_Outcomes,0,1
mBio,977,87
Mech_Dev,1,0
Medchemcomm,1,0
Med_Educ_Online,0,1
Med_Health_Care_Philos,1,0
Mediators_Inflamm,17,33
Medicina__Kaunas_,0,4
Medicine__Baltimore_,53,143
Medicines__Basel_,0,1
Med_Oncol,1,3
Med_Sci__Basel_,0,6
Med_Sci_Monit,45,255
Med_Sci_Monit_Basic_Res,0,4
Melanoma_Res,1,4
Membranes__Basel_,0,1
Mem_Inst_Oswaldo_Cruz,21,2
Metab_Brain_Dis,2,1
Metab_Eng_Commun,8,2
Metabolites,1,4
Metabolomics,3,1
Meta_Gene,3,6
Methods,2,2
Methods_Ecol_Evol,3,0
MethodsX,2,0
Microarrays__Basel_,17,38
Microb_Biotechnol,140,11
Microb_Cell,9,4
Microb_Cell_Fact,90,16
Microb_Drug_Resist,1,0
Microb_Ecol,49,1
Microb_Ecol_Health_Dis,2,1
Microbes_Environ,138,5
Microb_Genom,577,223
Microb_Inform_Exp,2,1
Microbiology,10,9
Microbiologyopen,139,18
Microbiol_Resour_Announc,2156,61
Microbiome,616,98
Micromachines__Basel_,0,2
Microorganisms,79,19
Microrna,1,0
MMWR_Morb_Mortal_Wkly_Rep,1,0
Mob_DNA,44,22
Mod_Pathol,7,2
Mol_Autism,20,15
Mol_Biol_Cell,66,27
Mol_Biol_Evol,337,102
Mol_Biol_Int,0,4
Mol_Biol__Los_Angel_,1,3
Mol_Biol_Rep,5,1
Mol_Biosyst,1,4
Mol_Brain,30,29
Mol_Breed,4,2
Mol_Cancer,192,339
Mol_Cancer_Ther,1,0
Mol_Carcinog,6,19
Mol_Cell,136,55
Mol_Cell_Biochem,1,2
Mol_Cell_Biol,21,46
Mol_Cell_Endocrinol,1,1
Mol_Cell_Proteomics,20,11
Mol_Cells,50,28
Mol_Clin_Oncol,1,4
Mol_Cytogenet,3,11
Mol_Ecol,114,26
Mol_Ecol_Resour,50,3
Molecules,112,75
Mol_Endocrinol,2,8
Mol_Genet_Genomic_Med,11,16
Mol_Genet_Genomics,12,6
Mol_Genet_Metab_Rep,1,0
Mol_Hum_Reprod,15,5
Mol_Immunol,1,1
Mol_Med,4,8
Mol_Med_Rep,176,788
Mol_Metab,65,28
Mol_Microbiol,40,0
Mol_Neurobiol,15,30
Mol_Neurodegener,24,19
Mol_Nutr_Food_Res,6,1
Mol_Oncol,57,154
Mol_Oral_Microbiol,1,0
Mol_Pain,8,2
Mol_Pharmacol,0,1
Mol_Phylogenet_Evol,3,0
Mol_Plant,6,0
Mol_Plant_Pathol,4,0
Mol_Psychiatry,26,20
Mol_Reprod_Dev,1,0
Mol_Syst_Biol,372,105
Mol_Ther,13,7
Mol_Ther_Methods_Clin_Dev,7,4
Mol_Ther_Nucleic_Acids,60,58
Mol_Ther_Oncolytics,5,13
Mol_Vis,66,12
Mov_Disord,1,1
Mov_Ecol,0,3
mSphere,454,55
mSystems,308,39
Mucosal_Immunol,24,17
Multidiscip_Respir_Med,2,0
Mult_Scler_Relat_Disord,1,0
Muscle_Nerve,2,3
Mutagenesis,1,0
Mutat_Res,0,1
Mycobiology,9,2
MycoKeys,3,0
Mycology,6,0
Mycol_Prog,1,0
Mycopathologia,0,2
Nagoya_J_Med_Sci,1,0
Nanomaterials__Basel_,2,6
Nanoscale_Res_Lett,1,0
Nanotoxicology,4,1
Nat_Biomed_Eng,9,0
Nat_Biotechnol,119,38
Nat_Cell_Biol,204,142
Nat_Chem_Biol,39,4
Nat_Clim_Chang,1,0
Nat_Commun,5430,1999
Nat_Ecol_Evol,41,10
Nat_Genet,438,146
Nat_Immunol,242,66
Nat_Mater,2,1
Nat_Med,193,79
Nat_Metab,4,4
Nat_Methods,240,107
Nat_Microbiol,51,8
Nat_Neurosci,107,59
Nat_Phys,1,0
Nat_Plants,11,3
Nat_Struct_Mol_Biol,110,23
Nature,1015,265
N_Engl_J_Med,1,0
Neoplasia,46,75
Nephrol_Dial_Transplant,1,0
Neural_Dev,11,0
Neural_Develop,1,0
Neural_Plast,2,6
Neural_Regen_Res,2,6
Neurobiol_Aging,2,4
Neurobiol_Dis,4,0
Neurochem_Res,0,2
Neurogenesis__Austin_,1,0
Neurogenetics,5,1
Neuroimage,0,1
Neuroimage_Clin,2,0
Neuroinformatics,0,1
Neurol_Genet,0,4
Neurol_Neuroimmunol_Neuroinflamm,1,0
Neurol_Ther,2,0
Neuromolecular_Med,1,0
Neuron,21,7
Neuro_Oncol,2,3
Neuropathol_Appl_Neurobiol,2,0
Neuropsychiatr_Dis_Treat,0,5
Neuropsychol_Rev,1,1
Neuropsychopharmacology,5,9
Neuroradiology,0,1
Neuroscience,0,1
Neurotox_Res,1,0
New_Microbes_New_Infect,8,3
New_Phytol,105,11
Nicotine_Tob_Res,0,1
Noncoding_RNA,23,11
Noncoding_RNA_Res,0,1
NPJ_Aging_Mech_Dis,9,0
NPJ_Biofilms_Microbiomes,38,14
NPJ_Breast_Cancer,59,61
NPJ_Digit_Med,1,0
NPJ_Genom_Med,20,8
NPJ_Microgravity,9,2
NPJ_Parkinsons_Dis,1,0
NPJ_Precis_Oncol,2,19
NPJ_Regen_Med,8,1
NPJ_Schizophr,3,6
NPJ_Syst_Biol_Appl,30,88
NPJ_Vaccines,6,0
Nucleic_Acids_Res,3254,1535
Nucleus,9,7
Nucl_Recept,1,0
Nucl_Receptor_Res,0,1
Nucl_Recept_Signal,26,21
Nutr_Diabetes,1,2
Nutrients,60,26
Nutr_J,3,1
Nutr_Metab__Lond_,19,9
Nutr_Neurosci,1,0
Nutr_Res_Pract,0,2
N_Z_Vet_J,1,0
Obes_Facts,1,3
Obesity__Silver_Spring_,1,8
Obstet_Gynecol_Int,0,1
Oecologia,2,0
OMICS,2,10
Oncogene,291,375
Oncogenesis,55,86
Oncoimmunology,30,105
Oncol_Lett,120,769
Oncol_Rep,37,262
Oncoscience,14,21
Oncotarget,1684,4109
Onco_Targets_Ther,73,516
Online_J_Public_Health_Inform,1,1
Open_Access_Maced_J_Med_Sci,1,0
Open_Biol,86,18
Open_Forum_Infect_Dis,15,2
Open_Med,0,1
Open_Neurol_J,0,1
Open_Ophthalmol_J,0,1
Open_Orthop_J,0,1
Open_Virol_J,0,2
Ophthalmol_Eye_Dis,1,0
Ophthalmol_Ther,0,2
Oral_Oncol,1,8
Organogenesis,2,0
Orphanet_J_Rare_Dis,11,5
Osteoarthritis_Cartilage,1,3
Oxid_Med_Cell_Longev,14,43
Pac_Symp_Biocomput,3,3
Pain,5,1
Pan_Afr_Med_J,0,1
Pancreas,2,4
Papillomavirus_Res,7,4
Parasite,4,3
Parasitology,5,2
Parasit_Vectors,159,45
Parkinsons_Dis,3,9
Part_Fibre_Toxicol,17,14
Pathog_Dis,5,2
Pathogenetics,2,0
Pathogens,19,12
Pathog_Immun,2,1
Pathol_Int,0,1
Patholog_Res_Int,0,5
Pathol_Oncol_Res,1,3
Patient_Saf_Surg,1,0
Pediatr_Res,6,2
Pediatr_Rheumatol_Online_J,1,2
Peerj,16,5
PeerJ,2215,559
Persoonia,1,0
Pestic_Biochem_Physiol,2,0
Pharmaceuticals__Basel_,1,4
Pharmaceutics,0,6
Pharmacogenet_Genomics,0,3
Pharmacogenomics_J,14,12
Pharmacol_Res_Perspect,24,22
Pharmacy__Basel_,0,1
Pharm_Biol,1,0
Philos_Trans_R_Soc_Lond_B_Biol_Sci,22,9
Physiol_Genomics,6,2
Physiol_Plant,0,1
Physiol_Rep,121,11
Phytochemistry,1,0
PhytoKeys,3,0
Pilot_Feasibility_Stud,0,3
Placenta,0,1
Planta,6,9
Plant_Biotechnol_J,140,41
Plant_Cell_Environ,2,1
Plant_Cell_Physiol,85,16
Plant_Cell_Rep,2,3
Plant_Direct,54,14
Plant_Divers,10,0
Plant_J,51,9
Plant_Methods,54,14
Plant_Mol_Biol,34,13
Plant_Mol_Biol_Report,7,1
Plant_Pathol,1,0
Plant_Pathol_J,10,1
Plant_Physiol_Biochem,1,0
Plant_Reprod,1,1
Plants__Basel_,22,33
Plant_Signal_Behav,2,7
Plant_Soil,8,0
Plast_Reconstr_Surg_Glob_Open,1,0
PLoS_Biol,541,176
PLoS_Comput_Biol,413,546
PLoS_Curr,16,3
PLoS_Genet,2435,725
PLoS_Med,55,73
PLoS_Negl_Trop_Dis,524,67
PLoS_One,16829,6850
PLoS_Pathog,852,144
Polymers__Basel_,2,0
Popul_Health_Metr,6,2
Poult_Sci,1,0
PPAR_Res,15,5
Pract_Lab_Med,0,2
Prev_Chronic_Dis,0,1
Proc_Biol_Sci,37,5
Processes__Basel_,1,0
Proc_Jpn_Acad_Ser_B_Phys_Biol_Sci,3,2
Proc_Natl_Acad_Sci_U_S_A,461,94
Prog_Orthod,1,0
Prostate,3,4
Prostate_Cancer,0,1
Prostate_Cancer_Prostatic_Dis,3,1
Protein_Cell,22,18
Protein_Pept_Lett,0,1
Protein_Sci,0,1
Proteomes,7,1
Proteome_Sci,8,9
Proteomics,3,6
Protist,5,0
Protoplasma,4,0
Psychiatr_Genet,1,0
Psychiatry_Investig,0,4
Psychiatry_J,1,0
Psychol_Med,1,5
Psychopharmacology__Berl_,1,2
Psychosoc_Med,0,2
Psychosom_Med,1,0
Pulm_Circ,4,3
Q_J_R_Meteorol_Soc,1,0
Qual_Life_Res,3,5
Radiat_Oncol,5,8
Rare_Dis,2,0
Redox_Biol,15,37
Regeneration__Oxf_,3,0
Regen_Ther,4,1
Ren_Fail,2,5
Reprod_Biol_Endocrinol,53,16
Reprod_Health,0,1
Reprod_Med_Biol,1,1
Reproduction,5,5
Res_Microbiol,2,0
Respir_Res,51,76
Results_Immunol,4,0
Retrovirology,48,19
Rev_Saude_Publica,0,7
Rheumatology__Oxford_,3,4
Rice__N_Y_,96,112
Risk_Manag_Healthc_Policy,0,1
RNA_Biol,83,26
RSC_Adv,1,0
R_Soc_Open_Sci,82,12
S_Afr_J_Psychiatr,0,1
SAHARA_J,1,2
Sarcoma,5,2
Saudi_J_Gastroenterol,1,11
Saudi_Med_J,2,2
Scand_J_Gastroenterol,0,1
Scanning,1,0
Schizophr_Bull,2,6
Schizophr_Res,1,0
Sci_Adv,246,64
Sci_Data,9510,195
Science,8,0
ScientificWorldJournal,34,53
Sci_Rep,7551,4163
Sci_Transl_Med,1,0
Scoliosis_Spinal_Disord,0,2
Semin_Immunopathol,2,2
Sensors__Basel_,15,28
Sex_Plant_Reprod,0,2
Sex_Transm_Infect,35,2
Shanghai_Arch_Psychiatry,0,1
Signal_Transduct_Target_Ther,1,3
Silence,2,5
Skelet_Muscle,27,50
Sleep,0,3
Small_GTPases,0,4
Soc_Psychiatry_Psychiatr_Epidemiol,2,2
Source_Code_Biol_Med,24,19
South_Afr_J_HIV_Med,0,1
Springerplus,51,15
Stand_Genomic_Sci,339,37
Stat_Med,0,8
Stat_Methods_Med_Res,0,1
Stem_Cell_Reports,515,83
Stem_Cell_Res,13,5
Stem_Cell_Res_Ther,82,55
Stem_Cell_Rev,9,6
Stem_Cells,26,5
Stem_Cells_Dev,5,0
Stem_Cells_Int,32,32
Stem_Cells_Transl_Med,12,3
Structure,0,1
Stud_Mycol,6,0
Subst_Abuse,3,3
Subst_Abuse_Treat_Prev_Policy,0,1
Summit_on_Translat_Bioinforma,6,3
Surg_Endosc,0,1
Surg_Neurol_Int,0,2
Symbiosis,1,2
Synth_Syst_Biotechnol,2,0
Syst_Biol,85,5
Syst_Rev,3,6
Technol_Cancer_Res_Treat,3,21
Technol_Health_Care,1,4
Temperature__Austin_,0,1
Theor_Appl_Genet,27,6
Theor_Biol_Med_Model,3,10
Ther_Adv_Chronic_Dis,1,0
Ther_Adv_Med_Oncol,1,7
Ther_Adv_Ophthalmol,13,21
Theranostics,71,113
Ther_Clin_Risk_Manag,0,1
Thorac_Cancer,2,20
Thorax,9,7
Thromb_Haemost,0,1
Tob_Induc_Dis,0,1
Toxicol_Appl_Pharmacol,1,1
Toxicol_Mech_Methods,0,1
Toxicol_Rep,3,2
Toxicol_Res,0,1
Toxicol_Res__Camb_,1,0
Toxicol_Sci,18,10
Toxics,1,0
Toxins__Basel_,132,35
Traffic,0,1
Transcription,1,3
Transcr_Open_Access,0,4
Transl_Androl_Urol,0,3
Translation__Austin_,2,2
Transl_Neurodegener,3,2
Transl_Neurosci,0,2
Transl_Oncol,15,40
Transl_Psychiatry,80,116
Transl_Respir_Med,1,0
Transl_Vis_Sci_Technol,1,0
Transplantation,0,2
Transplant_Direct,0,1
Trans_R_Soc_Trop_Med_Hyg,11,0
Tree_Physiol,1,4
Tremor_Other_Hyperkinet_Mov__N_Y_,0,2
Trends_Hear,0,1
Trends_Plant_Sci,0,1
Trials,13,35
Trop_Med_Infect_Dis,3,6
Tuberc_Respir_Dis__Seoul_,0,1
Tuberc_Res_Treat,0,1
Tuberculosis__Edinb_,7,8
Tumour_Biol,3,10
Turk_J_Biol,1,0
Turk_J_Haematol,0,1
Ulster_Med_J,0,2
United_European_Gastroenterol_J,1,6
Urol_Ann,0,1
Vaccine,33,0
Vaccines__Basel_,1,0
Vasc_Cell,3,0
Vet_Med_Int,0,1
Vet_Rec_Open,1,0
Vet_Res,73,7
Vet_Res_Commun,0,2
Vet_Sci,2,1
Vet_World,41,0
Virol_J,58,16
Virology,13,2
Virology__Auckl_,1,0
Virulence,50,1
Viruses,205,35
Virus_Evol,198,6
Virus_Genes,13,0
Waste_Manag,1,0
Water_Air_Soil_Pollut,3,0
Water_Res_X,1,0
Wellcome_Open_Res,63,15
Western_Pac_Surveill_Response_J,1,0
Wiley_Interdiscip_Rev_RNA,2,4
World_Allergy_Organ_J,1,1
World_J_Biol_Chem,0,1
World_J_Clin_Oncol,0,1
World_J_Emerg_Surg,1,0
World_J_Gastroenterol,11,38
World_J_Gastrointest_Oncol,1,1
World_J_Hepatol,3,10
World_J_Microbiol_Biotechnol,1,0
World_J_Oncol,0,1
World_J_Stem_Cells,2,1
World_J_Surg_Oncol,6,69
Worm,0,1
Yale_J_Biol_Med,2,1
Yeast,2,1
Yonsei_Med_J,2,7
Zdr_Varst,0,1
Zoo_Biol,0,1
Zookeys,23,4
Zoological_Lett,20,3
Zool_Res,2,0
