journalName,origSRA,reuseSRA,origGEO,reuseGEO
3_Biotech,11,16,0,0
AAPS_J,0,0,1,0
ACS_Cent_Sci,1,1,0,0
ACS_Chem_Biol,4,0,1,1
ACS_Infect_Dis,2,0,1,0
ACS_Nano,0,0,1,0
ACS_Omega,0,0,1,0
ACS_Synth_Biol,0,0,1,0
Acta_Crystallogr_D_Biol_Crystallogr,1,0,0,0
Acta_Naturae,25,0,4,0
Acta_Neuropathol,0,0,15,13
Acta_Neuropathol_Commun,14,0,51,54
Acta_Orthop_Traumatol_Turc,0,0,1,3
Acta_Otorhinolaryngol_Ital,0,0,0,1
Acta_Pharmacol_Sin,0,0,0,1
Acta_Pharm_Sin_B,5,7,0,2
Acta_Vet_Scand,3,0,1,0
Addict_Behav_Rep,0,0,0,5
Addict_Biol,0,0,1,1
Addiction,0,0,1,0
Addict_Sci_Clin_Pract,0,0,0,2
Adipocyte,0,0,7,1
Adv_Appl_Bioinforma_Chem,0,0,5,2
Adv_Appl_Bioinform_Chem,0,0,0,1
Adv_Bioinformatics,14,2,5,12
Adv_Biomed_Res,0,0,0,1
Adv_Hematol,0,0,2,0
Adv_Mod_Oncol_Res,0,0,0,21
Adv_Pediatr_Res,1,0,0,0
Adv_Pharmacol_Sci,2,0,1,0
Adv_Prev_Med,0,0,2,1
Adv_Radiat_Oncol,0,0,1,0
Adv_Sci__Weinh_,0,0,2,1
Adv_Urol,0,0,1,3
Adv_Virol,0,1,1,3
Afr_Health_Sci,0,0,1,0
Afr_J_Lab_Med,0,0,16,3
Afr_J_Prim_Health_Care_Fam_Med,0,0,1,0
Age_Ageing,0,0,1,4
Age__Dordr_,1,0,5,0
Aging__Albany_NY_,14,3,127,208
Aging_Cell,26,3,84,38
Aging_Clin_Exp_Res,0,0,0,2
Aging_Dis,0,0,0,3
AIDS,0,0,0,2
AIDS_Behav,0,0,1,6
AIDS_Res_Ther,0,0,1,0
AIDS_Res_Treat,0,0,0,3
AIMS_Microbiol,6,0,0,1
Air_Qual_Atmos_Health,1,0,0,0
Algorithms_Mol_Biol,28,7,29,20
Aliment_Pharmacol_Ther,1,0,0,0
Allergy,0,0,1,0
Allergy_Asthma_Clin_Immunol,0,0,0,1
Allergy_Asthma_Immunol_Res,0,0,2,2
Alzheimers_Dement,0,0,0,1
Alzheimers_Dement__Amst_,0,0,1,0
Alzheimers_Dement__N_Y_,0,0,0,2
Alzheimers_Res_Ther,0,0,10,39
AMB_Express,134,3,8,2
Ambio,1,0,0,0
AMIA_Jt_Summits_Transl_Sci_Proc,0,0,6,28
Am_J_Clin_Nutr,0,0,3,0
Am_J_Clin_Pathol,0,0,1,0
Am_J_Epidemiol,0,0,0,1
Am_J_Hum_Genet,6,1,0,1
Am_J_Pathol,0,0,3,0
Am_J_Phys_Anthropol,2,0,0,0
Am_J_Physiol_Cell_Physiol,0,0,1,0
Am_J_Physiol_Endocrinol_Metab,0,0,2,5
Am_J_Physiol_Gastrointest_Liver_Physiol,0,0,2,0
Am_J_Physiol_Lung_Cell_Mol_Physiol,0,0,1,0
Am_J_Physiol_Regul_Integr_Comp_Physiol,0,0,1,0
Am_J_Physiol_Renal_Physiol,0,0,1,0
Am_J_Transplant,1,0,2,1
Am_J_Trop_Med_Hyg,6,0,1,1
Anal_Bioanal_Chem,27,0,0,0
Anal_Cell_Pathol__Amst_,0,0,5,15
Anal_Chem,5,0,0,0
Anal_Chem_Insights,0,0,0,1
Anat_Cell_Biol,0,0,1,0
Andrology,0,0,0,1
Angiogenesis,21,0,4,6
Animal_Model_Exp_Med,0,0,0,1
Animals__Basel_,37,0,8,3
Anim_Cells_Syst__Seoul_,2,0,0,2
Anim_Genet,16,1,0,1
Anim_Nutr,2,1,0,0
Ann_Bot,30,1,2,1
Ann_Clin_Microbiol_Antimicrob,1,0,1,0
Ann_Clin_Transl_Neurol,1,0,3,5
Ann_Gastroenterol,0,0,0,1
Ann_Gen_Hosp_Psychiatry,0,0,4,0
Ann_Gen_Psychiatry,0,0,3,7
Ann_Hematol,0,0,1,0
Ann_Intensive_Care,0,0,0,1
Ann_Lab_Med,1,0,0,0
Ann_Med,0,0,5,1
Ann_Neurol,0,1,2,2
Ann_Nucl_Med,0,0,1,0
Ann_Oncol,0,0,5,10
Ann_Rheum_Dis,1,0,9,3
Ann_Surg_Oncol,0,0,1,1
Ann_Surg_Treat_Res,0,0,1,0
Antibiotics__Basel_,10,1,1,0
Anticancer_Drugs,0,0,0,5
Antimicrob_Agents_Chemother,69,2,7,0
Antimicrob_Resist_Infect_Control,7,2,0,0
Antioxidants__Basel_,1,0,0,6
Antioxid_Redox_Signal,0,0,5,1
Antonie_Van_Leeuwenhoek,8,0,2,1
AoB_Plants,6,1,1,5
APL_Bioeng,0,0,3,3
Apoptosis,1,0,0,0
Appl_Biochem_Biotechnol,0,0,1,0
Appl_Econ,0,0,3,12
Appl_Environ_Microbiol,427,22,10,0
Appl_Immunohistochem_Mol_Morphol,0,0,1,0
Appl_Microbiol_Biotechnol,73,1,3,1
Appl_Netw_Sci,0,0,0,1
Appl_Plant_Sci,236,10,1,4
Appl_Transl_Genom,4,0,0,0
Archaea,22,0,0,3
Arch_Biochem_Biophys,0,0,1,0
Arch_Dermatol_Res,0,0,1,0
Arch_Med_Sci,5,0,1,5
Arch_Microbiol,0,0,1,0
Arch_Osteoporos,0,0,0,1
Arch_Toxicol,0,0,18,44
Arch_Virol,7,1,1,0
Arterioscler_Thromb_Vasc_Biol,0,0,3,1
Arthritis_Res_Ther,1,0,101,45
Arthritis_Rheum,0,0,1,1
Arthritis_Rheumatol,2,1,16,2
Asian-Australas_J_Anim_Sci,30,9,7,1
Asian_J_Androl,0,0,3,1
Asian_J_Urol,0,0,1,0
Asian_Pac_J_Cancer_Prev,0,0,0,11
ASN_Neuro,1,0,6,2
Atherosclerosis,0,0,1,0
Autophagy,0,0,9,14
Avicenna_J_Med_Biotechnol,0,0,1,3
Bacteriophage,5,0,0,0
Balkan_J_Med_Genet,0,0,7,4
Basic_Clin_Androl,0,0,0,1
Basic_Clin_Pharmacol_Toxicol,0,0,0,3
Basic_Res_Cardiol,0,0,2,1
BBA_Clin,0,0,1,1
Behav_Brain_Funct,0,0,7,7
Behav_Brain_Res,0,0,1,0
Behav_Ecol_Sociobiol,0,0,0,1
Behav_Neurol,0,0,0,2
Behav_Res_Methods,0,0,0,1
Behav_Sci__Basel_,0,0,1,1
Beilstein_J_Nanotechnol,0,0,16,13
Beilstein_J_Org_Chem,2,0,0,0
Big_Data,0,0,0,1
Biochem_Biophys_Rep,0,0,11,4
Biochem_Biophys_Res_Commun,0,0,1,5
Biochem_Genet,1,0,1,0
Biochem_Insights,0,0,1,0
Biochemistry,1,0,1,2
Biochem_J,1,1,8,4
Biochem_Pharmacol,0,0,0,1
Biochem_Res_Int,0,0,0,2
Biochim_Biophys_Acta,2,1,1,0
Biochim_Biophys_Acta_Gene_Regul_Mech,0,0,1,0
Biochimie,9,0,0,0
Biochim_Open,0,0,1,0
BioData_Min,19,2,15,88
Biodegradation,1,0,0,0
Biodivers_Data_J,3,0,0,1
Bioengineered,3,0,0,2
Bioengineering__Basel_,0,0,1,0
Bioeng_Transl_Med,0,0,3,0
Biofouling,1,0,0,0
Biogerontology,0,0,1,2
Bioimpacts,0,0,0,6
Bioinformatics,265,68,112,157
Bioinformation,6,12,34,35
Bioinform_Biol_Insights,42,4,50,22
Biol_Bull,1,0,0,0
Biol_Cell,0,0,0,1
Biol_Direct,73,17,20,48
Biol_Invasions,1,0,0,0
Biol_Lett,2,0,0,0
Biology__Basel_,25,5,3,4
Biol_Open,14,9,73,10
Biol_Proced_Online,1,0,3,4
Biol_Psychiatry,0,0,1,2
Biol_Reprod,9,0,15,4
Biol_Res,7,0,10,20
Biol_Sex_Differ,9,0,26,7
Biol_Sport,0,0,1,0
Biomark_Cancer,0,0,3,3
Biomark_Insights,2,0,5,10
Biomark_Res,1,0,8,21
Biomed_Eng_Online,1,2,0,9
Biomed_Genet_Genom,0,0,1,0
Biomedicines,0,0,3,5
Biomed_Inform_Insights,0,0,1,1
Biomed_Opt_Express,0,0,0,2
Biomed_Rep,0,0,3,6
Biomed_Res_Int,222,39,176,428
Biometals,0,0,0,1
Biometrika,0,0,0,1
Biomol_Detect_Quantif,3,0,1,0
Biomolecules,28,11,16,8
Biomol_Ther__Seoul_,0,0,0,6
Biophys_Rep,1,0,0,0
Biophys_Rev,0,0,9,3
Bio_Protoc,12,1,0,2
Biopsychosoc_Med,0,0,0,1
Biores_Open_Access,0,0,1,0
Bioresour_Bioprocess,3,0,0,0
Biosci_Microbiota_Food_Health,14,1,0,1
Biosci_Rep,12,1,27,131
Biostatistics,0,0,2,2
Biotechnol_Bioeng,8,1,1,0
Biotechnol_Biofuels,296,19,67,30
Biotechnol_Biotechnol_Equip,0,0,1,1
Biotechnol_Lett,1,0,0,0
Biotechnol_Prog,0,0,0,1
Biotechnol_Rep__Amst_,9,0,1,1
Birth_Defects_Res_A_Clin_Mol_Teratol,0,0,0,1
BIT_Numer_Math,1,0,0,0
BJU_Int,0,0,1,2
Bladder_Cancer,0,0,1,5
Blood_Cancer_J,4,0,28,68
BMB_Rep,7,0,8,18
BMC_Anesthesiol,0,0,0,2
BMC_Biochem,0,0,3,2
BMC_Bioinformatics,1090,309,983,1479
BMC_Biol,149,20,109,22
BMC_Biophys,0,0,0,1
BMC_Biotechnol,31,2,14,8
BMC_Cancer,45,1,438,773
BMC_Cardiovasc_Disord,0,0,5,10
BMC_Cell_Biol,0,0,25,4
BMC_Clin_Pathol,0,0,2,1
BMC_Complement_Altern_Med,2,1,17,5
BMC_Dermatol,0,0,1,1
BMC_Dev_Biol,5,1,72,4
BMC_Ear_Nose_Throat_Disord,1,0,1,0
BMC_Ecol,8,0,4,2
BMC_Emerg_Med,0,0,1,0
BMC_Endocr_Disord,1,0,4,1
BMC_Evol_Biol,542,67,34,25
BMC_Fam_Pract,0,0,11,11
BMC_Gastroenterol,2,0,8,2
BMC_Genet,112,24,35,31
BMC_Genomics,6717,668,3260,1785
BMC_Geriatr,0,0,56,84
BMC_Health_Serv_Res,0,0,16,28
BMC_Hematol,0,0,0,4
BMC_Immunol,8,2,35,14
BMC_Infect_Dis,86,4,31,11
BMC_Int_Health_Hum_Rights,0,0,0,1
BMC_Med,3,1,28,30
BMC_Med_Educ,0,0,0,1
BMC_Med_Ethics,0,0,2,1
BMC_Med_Genet,20,1,26,59
BMC_Med_Genomics,76,32,393,580
BMC_Med_Imaging,0,0,0,1
BMC_Med_Inform_Decis_Mak,0,0,2,11
BMC_Med_Res_Methodol,0,0,1,7
BMC_Microbiol,388,40,154,23
BMC_Mol_Biol,17,1,43,6
BMC_Mol_Cell_Biol,0,0,1,1
BMC_Musculoskelet_Disord,0,0,13,9
BMC_Nephrol,0,0,14,10
BMC_Neurol,4,0,22,36
BMC_Neurosci,1,1,45,18
BMC_Nurs,0,0,4,4
BMC_Obes,0,0,1,1
BMC_Ophthalmol,0,0,6,6
BMC_Oral_Health,2,0,3,5
BMC_Palliat_Care,0,0,0,4
BMC_Pediatr,1,0,1,2
BMC_Pharmacol,0,0,1,0
BMC_Pharmacol_Toxicol,0,0,3,2
BMC_Physiol,0,0,21,11
BMC_Plant_Biol,799,122,305,216
BMC_Pregnancy_Childbirth,1,0,3,0
BMC_Proc,4,0,2,4
BMC_Psychiatry,0,1,22,32
BMC_Psychol,0,0,0,4
BMC_Public_Health,1,1,16,37
BMC_Pulm_Med,2,0,10,13
BMC_Res_Notes,250,48,115,106
BMC_Struct_Biol,0,0,2,1
BMC_Syst_Biol,41,4,315,327
BMC_Urol,1,0,6,13
BMC_Vet_Res,33,2,33,12
BMC_Womens_Health,0,0,1,5
BMJ,0,0,0,4
BMJ_Open,10,2,15,47
BMJ_Open_Diabetes_Res_Care,0,0,0,1
BMJ_Open_Gastroenterol,2,0,3,2
BMJ_Open_Respir_Res,2,0,0,1
BMJ_Paediatr_Open,0,0,1,0
Bone,0,0,0,2
Bone_Joint_Res,0,0,3,24
Bone_Rep,0,0,2,1
Bone_Res,0,0,2,3
Bot_Stud,21,4,0,2
Brain,2,0,11,4
Brain_Behav,0,0,5,10
Brain_Behav_Immun,0,0,1,1
Brain_Imaging_Behav,0,0,0,1
Brain_Sci,0,0,5,8
Brain_Struct_Funct,0,0,4,1
Braz_J_Med_Biol_Res,0,0,4,20
Braz_J_Microbiol,27,0,4,0
Breast_Cancer__Auckl_,0,0,1,3
Breast_Cancer__Dove_Med_Press_,0,0,5,8
Breast_Cancer_Res,5,1,261,428
Breast_Cancer_Res_Treat,0,0,23,51
Breed_Sci,39,3,3,4
Brief_Bioinform,24,22,16,40
Brief_Funct_Genomics,20,0,0,1
Br_J_Anaesth,0,0,1,0
Br_J_Cancer,4,1,135,274
Br_J_Haematol,0,0,5,2
Br_J_Health_Psychol,0,0,0,1
Br_J_Nutr,0,0,2,0
Br_J_Ophthalmol,0,0,0,1
Br_J_Pharmacol,1,0,1,7
Br_J_Surg,0,0,0,2
Bull_World_Health_Organ,0,0,1,1
Cancer,0,0,2,3
Cancer_Biol_Med,0,0,1,4
Cancer_Biol_Ther,1,0,3,5
Cancer_Biomark,0,0,0,1
Cancer_Cell,2,0,54,25
Cancer_Cell_Int,1,0,26,186
Cancer_Commun__Lond_,0,0,2,17
Cancer_Control,0,0,1,3
Cancer_Gene_Ther,0,0,4,2
Cancer_Immunol_Immunother,0,0,0,8
Cancer_Inform,10,2,43,191
Cancer_Manag_Res,1,0,24,248
Cancer_Med,14,0,69,177
Cancer_Metab,0,0,8,10
Cancer_Metastasis_Rev,0,0,0,4
Cancer_Res_Treat,0,0,3,10
Cancers__Basel_,12,1,72,207
Cancer_Sci,6,0,65,106
Can_Geriatr_J,0,0,3,1
Can_J_Gastroenterol_Hepatol,0,0,1,0
Can_J_Infect_Dis_Med_Microbiol,8,0,0,0
Can_J_Kidney_Health_Dis,0,0,2,0
Carcinogenesis,1,0,12,11
Cardiovasc_Diabetol,1,0,14,2
Cardiovasc_Drugs_Ther,0,0,1,0
Cardiovasc_Hematol_Agents_Med_Chem,0,0,4,0
Cardiovasc_Res,0,0,1,1
Cartilage,0,0,1,0
Case_Rep_Hematol,2,0,0,0
Case_Rep_Infect_Dis,2,0,0,0
Case_Rep_Neurol,0,0,0,1
Case_Rep_Psychiatry,0,0,0,1
Catheter_Cardiovasc_Interv,0,0,1,0
CBE_Life_Sci_Educ,1,0,0,0
Cell,33,1,98,26
Cell_Adh_Migr,0,0,0,3
Cell_Biol_Toxicol,0,0,1,0
Cell_Biosci,6,4,10,10
Cell_Chem_Biol,0,0,2,2
Cell_Commun_Signal,1,1,23,49
Cell_Cycle,3,0,19,40
Cell_Death_Differ,2,1,29,17
Cell_Death_Dis,33,4,244,532
Cell_Death_Discov,5,1,21,26
Cell_Discov,21,0,61,24
Cell_Div,0,0,0,2
Cell_Host_Microbe,260,0,11,0
Cell_J,0,0,4,14
Cell_Metab,6,1,34,19
Cell_Microbiol,5,0,8,1
Cell_Mol_Biol_Lett,5,0,5,12
Cell_Mol_Gastroenterol_Hepatol,66,1,34,26
Cell_Mol_Immunol,0,0,3,7
Cell_Mol_Life_Sci,0,0,24,16
Cell_Oncol__Dordr_,0,0,7,2
Cell_Regen__Lond_,0,0,4,2
Cell_Rep,119,7,530,220
Cell_Res,18,0,69,28
Cells,25,2,29,41
Cell_Signal,0,0,1,0
Cell_Stem_Cell,24,0,43,23
Cell_Stress,0,0,0,3
Cell_Stress_Chaperones,1,0,1,0
Cell_Syst,8,1,10,7
Cell_Tissue_Res,1,0,1,0
Cell_Transplant,0,0,2,0
Cereb_Cortex,0,0,3,3
Cerebellum,0,0,0,4
Cerebrospinal_Fluid_Res,0,0,1,0
Chem_Res_Toxicol,0,0,4,0
Chem_Sci,0,0,1,0
Chest,0,0,0,2
Chin_J_Cancer,8,0,4,3
Chin_J_Cancer_Res,0,0,1,4
Chin_Med,2,0,2,1
Chin_Med_J__Engl_,1,0,14,13
Chromosoma,18,0,5,0
Chromosome_Res,2,4,1,0
Cilia,0,0,0,1
Circ_Cardiovasc_Genet,9,1,0,1
Circ_Res,1,0,2,1
Circulation,0,0,7,0
Clin_Auton_Res,0,0,1,0
Clin_Dev_Immunol,0,0,1,0
Clin_Diabetes_Endocrinol,0,0,0,1
Clin_Drug_Investig,0,0,0,2
Clin_Epidemiol,0,0,5,15
Clin_Epigenetics,3,0,153,188
Clin_Exp_Dent_Res,1,0,0,0
Clin_Exp_Gastroenterol,2,0,0,1
Clin_Exp_Metastasis,0,0,6,3
Clin_Exp_Nephrol,0,0,0,1
Clinics__Sao_Paulo_,0,0,2,4
Clin_Infect_Dis,14,1,1,0
Clin_Interv_Aging,0,0,4,20
Clin_J_Pain,0,0,0,2
Clin_Kidney_J,0,0,0,1
Clin_Med_Insights_Oncol,0,0,0,1
Clin_Microbiol_Infect,39,0,0,0
Clin_Mol_Allergy,0,0,2,0
Clin_Pharmacol,0,0,1,0
Clin_Pharmacol_Ther,1,0,0,0
Clin_Pract_Epidemiol_Ment_Health,0,0,0,2
Clin_Proteomics,0,0,1,6
Clin_Psychopharmacol_Neurosci,0,0,1,4
Clin_Sarcoma_Res,0,0,1,0
Clin_Sci__Lond_,0,0,2,0
Clin_Transl_Allergy,0,0,0,2
Clin_Transl_Gastroenterol,41,0,3,3
Clin_Transl_Immunology,0,0,1,0
Clin_Transl_Med,0,0,4,11
Clin_Transl_Radiat_Oncol,0,0,1,0
Clin_Transl_Sci,0,0,1,4
Clin_Vaccine_Immunol,2,0,1,0
Clujul_Med,0,0,0,2
CNS_Drugs,0,0,1,1
Cochrane_Database_Syst_Rev,0,0,0,2
Cogn_Neuropsychiatry,0,0,0,1
Cold_Spring_Harb_Mol_Case_Stud,25,1,2,2
Colomb_Med__Cali_,0,0,1,1
Commun_Biol,107,18,39,48
Commun_Integr_Biol,11,0,0,2
Comp_Cytogenet,4,5,0,0
Comp_Funct_Genomics,5,0,63,36
Comp_Hepatol,0,0,2,1
Comput_Biol_Chem,2,0,1,2
Comput_Intell_Neurosci,0,0,1,4
Comput_Math_Methods_Med,1,1,26,62
Comput_Struct_Biotechnol_J,18,1,8,37
Conserv_Genet,1,0,0,0
Conserv_Physiol,2,0,0,1
Contemp_Clin_Trials_Commun,0,0,1,3
Contemp_Drug_Probl,0,0,1,0
Contemp_Oncol__Pozn_,0,0,0,4
Contrast_Media_Mol_Imaging,0,0,0,4
Coral_Reefs,1,0,0,0
CPT_Pharmacometrics_Syst_Pharmacol,0,0,4,6
CRISPR_J,5,0,0,0
Crit_Care,0,0,18,10
Crit_Care_Med,1,0,1,3
Crit_Rev_Biochem_Mol_Biol,0,0,0,1
Croat_Med_J,0,0,0,1
Cureus,0,0,0,5
Curr_Aging_Sci,0,0,0,1
Curr_Bioinform,0,0,1,3
Curr_Biol,73,8,10,3
Curr_Chem_Genomics,0,0,1,0
Curr_Dev_Nutr,0,0,1,1
Curr_Genet,1,0,3,0
Curr_Genomics,3,0,21,34
Curr_Gerontol_Geriatr_Res,0,0,0,3
Curr_HIV_Res,1,0,0,0
Curr_Med_Chem,0,0,1,0
Curr_Microbiol,6,0,2,0
Curr_Mol_Med,0,0,1,0
Curr_Neuropharmacol,0,0,0,3
Curr_Opin_Genet_Dev,0,0,0,2
Curr_Opin_Plant_Biol,0,0,0,1
Curr_Opin_Rheumatol,0,0,0,1
Curr_Osteoporos_Rep,0,0,0,1
Curr_Pulmonol_Rep,0,0,0,1
Curr_Zool,0,2,0,0
Cytotechnology,0,0,0,2
Daru,0,0,1,0
Database__Oxford_,283,52,71,147
Data_Brief,576,16,86,58
Dement_Geriatr_Cogn_Dis_Extra,0,0,0,6
Dement_Neurocogn_Disord,0,0,0,1
Dement_Neuropsychol,0,0,0,8
Dev_Biol,1,0,6,2
Dev_Cell,20,0,35,7
Dev_Dyn,0,0,2,0
Development,46,13,109,20
Dev_Genes_Evol,0,0,2,0
Dev_Neurobiol,0,0,1,0
Diabetes,0,4,59,18
Diabetes_Care,0,0,1,0
Diabetes_Metab_Syndr_Obes,0,0,0,3
Diabetes_Obes_Metab,0,0,1,0
Diabetes_Res_Clin_Pract,0,0,0,1
Diabetes_Technol_Ther,0,0,0,1
Diabetes_Ther,1,0,0,0
Diabetol_Metab_Syndr,0,0,1,0
Diabetologia,0,1,20,14
Diagnostics__Basel_,0,0,0,5
Diagn_Pathol,2,0,8,31
Dialogues_Clin_Neurosci,0,0,1,3
Dig_Dis_Sci,0,0,1,1
Diseases,0,0,2,1
Dis_Markers,2,0,9,62
Dis_Model_Mech,16,0,75,40
Diversity__Basel_,1,0,0,0
DNA_Res,466,43,70,50
Drug_Des_Devel_Ther,0,0,4,6
Drug_Metab_Dispos,0,0,1,0
EBioMedicine,27,1,147,257
Ecancermedicalscience,0,0,1,1
Echo_Res_Pract,180,0,0,0
EClinicalMedicine,1,0,0,0
Ecol_Evol,250,27,23,13
Ecol_Lett,1,0,0,1
Ecotoxicology,1,0,1,1
EFORT_Open_Rev,0,0,0,1
EJIFCC,0,0,0,2
EJNMMI_Res,1,0,10,3
Electron_Physician,0,0,2,3
Elementa__Wash_D_C_,1,1,0,0
eLife,1255,116,1277,746
EMBO_J,10,1,125,15
EMBO_Mol_Med,22,0,160,153
EMBO_Rep,23,0,46,20
Emerg_Infect_Dis,207,20,2,1
Emerg_Microbes_Infect,66,4,2,5
Emerg_Themes_Epidemiol,0,0,0,1
Endocr_Connect,0,0,4,16
Endocrinol_Diabetes_Metab,1,0,0,0
Endocrinol_Metab__Seoul_,0,0,2,0
Endocrinology,0,0,11,5
Endocr_Pathol,0,0,0,2
Endocr_Relat_Cancer,0,0,13,14
Endosc_Int_Open,0,0,1,0
eNeuro,1,0,153,260
Environ_Entomol,1,0,0,0
Environ_Epidemiol,0,0,0,1
Environ_Epigenet,4,1,7,3
Environ_Health,2,0,4,4
Environ_Health_Insights,0,0,1,0
Environ_Health_Perspect,8,2,45,9
Environ_Health_Prev_Med,0,0,0,1
Environ_Health_Toxicol,0,0,1,0
Environ_Int,0,0,0,2
Environ_Microbiol,31,4,4,1
Environ_Microbiol_Rep,3,0,0,0
Environ_Mol_Mutagen,1,0,5,2
Environ_Monit_Assess,0,0,0,1
Environ_Sci_Eur,1,0,1,0
Environ_Sci_Pollut_Res_Int,4,0,0,3
Environ_Sci_Technol,10,0,3,1
Enzyme_Res,0,0,1,1
Epidemiol_Infect,3,1,1,1
Epigenetics,14,3,54,47
Epigenetics_Chromatin,49,11,217,124
Epigenet_Insights,0,0,0,2
Epigenomics,0,0,9,17
Eplasty,0,0,1,0
Equine_Vet_J,0,0,0,2
ERJ_Open_Res,1,0,5,12
ESC_Heart_Fail,0,0,0,1
ESMO_Open,0,0,3,9
Eukaryot_Cell,1,0,2,0
EuPA_Open_Proteom,0,0,1,3
Eur_Arch_Psychiatry_Clin_Neurosci,0,0,0,1
EURASIP_J_Bioinform_Syst_Biol,1,0,1,12
Eur_Child_Adolesc_Psychiatry,0,0,0,1
Eur_Heart_J,0,0,1,0
Eur_J_Ageing,1,0,1,3
Eur_J_Cancer,0,0,2,0
Eur_J_Cancer_Prev,0,0,2,1
Eur_J_Clin_Microbiol_Infect_Dis,3,0,0,0
Eur_J_Clin_Nutr,0,0,0,1
Eur_J_Clin_Pharmacol,0,0,0,1
Eur_J_Epidemiol,0,0,0,3
Eur_J_Gastroenterol_Hepatol,1,0,0,0
Eur_J_Health_Econ,0,0,0,1
Eur_J_Hum_Genet,2,0,6,2
Eur_J_Immunol,2,0,23,13
Eur_J_Med_Res,2,0,4,19
Eur_J_Microbiol_Immunol__Bp_,3,0,1,0
Eur_J_Neurosci,0,0,1,0
Eur_J_Nucl_Med_Mol_Imaging,0,0,1,0
Eur_J_Nutr,0,0,2,2
Eur_J_Psychol,0,0,0,1
Euro_Surveill,59,12,0,0
Eur_Radiol,0,0,1,0
Eur_Respir_J,0,0,4,13
Eur_Rev_Aging_Phys_Act,0,0,0,2
Eur_Urol,0,0,3,0
Evid_Based_Complement_Alternat_Med,7,1,19,15
EvoDevo,10,3,3,6
Evol_Appl,69,6,6,5
Evol_Bioinform_Online,107,26,9,18
Evol_Dev,0,0,1,0
Evol_Lett,21,5,2,0
Evol_Med_Public_Health,1,0,2,0
Evolution,7,1,1,0
EXCLI_J,4,0,1,7
Exp_Anim,1,0,2,1
Exp_Brain_Res,0,0,1,1
Exp_Dermatol,0,0,0,1
Expert_Rev_Anti_Infect_Ther,0,0,0,3
Exp_Eye_Res,0,0,1,0
Exp_Gerontol,0,0,1,0
Exp_Hematol,0,0,1,0
Exp_Hematol_Oncol,0,0,12,29
Exp_Mol_Med,4,0,23,111
Exp_Neurobiol,0,0,1,2
Exp_Neurol,0,0,1,0
Exp_Ther_Med,2,0,46,189
Exp_Transl_Stroke_Med,0,0,1,1
Extremophiles,9,0,0,0
Eye_Vis__Lond_,0,0,0,1
F1000_Biol_Rep,0,0,0,1
F1000Prime_Rep,0,0,0,1
F1000Res,576,30,172,284
Fam_Cancer,0,0,1,0
FASEB_J,2,1,15,9
FEBS_J,0,0,3,3
FEBS_Lett,1,2,8,6
FEBS_Open_Bio,37,19,61,174
FEMS_Microbiol_Ecol,35,13,1,2
FEMS_Microbiol_Lett,7,0,2,0
FEMS_Microbiol_Rev,12,1,0,0
FEMS_Yeast_Res,28,0,2,4
Fibrogenesis_Tissue_Repair,0,0,4,1
Fish_Physiol_Biochem,0,0,1,2
Fluids_Barriers_CNS,0,0,8,9
Foodborne_Pathog_Dis,6,0,0,0
Food_Control,2,0,0,0
Foods,1,0,0,1
Food_Sci_Nutr,0,0,1,1
Forensic_Sci_Int_Genet,1,0,0,0
Front_Aging_Neurosci,4,2,26,79
Front_Behav_Neurosci,10,0,5,2
Front_Bioeng_Biotechnol,38,3,10,23
Front_Cardiovasc_Med,0,0,11,23
Front_Cell_Dev_Biol,2,5,14,22
Front_Cell_Infect_Microbiol,172,7,69,13
Front_Cell_Neurosci,17,0,46,32
Front_Chem,6,3,2,8
Front_Endocrinol__Lausanne_,15,3,37,20
Front_Genet,508,79,214,445
Front_Hum_Neurosci,0,0,2,9
Front_Immunol,227,24,316,262
Front_Integr_Neurosci,0,0,1,0
Front_Med__Lausanne_,1,0,4,16
Front_Microbiol,3785,235,270,101
Front_Mol_Biosci,12,1,5,20
Front_Mol_Neurosci,30,4,68,47
Front_Neural_Circuits,0,0,1,0
Front_Neuroanat,1,0,3,3
Front_Neuroinform,0,0,0,2
Front_Neuroinformatics,0,0,1,0
Front_Neurol,2,0,7,22
Front_Neurosci,20,38,60,92
Front_Nutr,1,0,1,1
Front_Oncol,12,1,53,170
Front_Pediatr,1,1,4,5
Front_Pharmacol,9,2,248,133
Front_Physiol,166,23,129,197
Front_Plant_Sci,1479,233,346,388
Front_Psychiatry,1,0,4,12
Front_Psychol,0,0,5,29
Front_Public_Health,108,2,0,1
Front_Surg,1,0,0,0
Front_Synaptic_Neurosci,0,0,2,0
Front_Syst_Neurosci,0,0,1,0
Front_Vet_Sci,21,1,2,1
Front_Zool,29,5,0,0
Funct_Integr_Genomics,10,2,2,0
Fungal_Biol_Biotechnol,1,0,6,5
Fungal_Genet_Biol,0,0,3,1
Future_Sci_OA,2,4,0,3
G3__Bethesda_,1185,119,231,79
Gastric_Cancer,0,0,2,5
Gastroenterol_Hepatol_Bed_Bench,0,0,4,20
Gastroenterology,3,0,3,2
Gastroenterol_Rep__Oxf_,0,0,0,1
Gastroenterol_Res_Pract,0,0,7,23
Gastrointest_Cancer,0,0,1,0
Gates_Open_Res,3,0,0,0
Gen_Comp_Endocrinol,5,2,0,0
Gene,9,8,0,1
Gene_Expr_Patterns,0,0,1,0
Gene_Regul_Syst_Bio,21,0,28,13
Genes__Basel_,389,127,103,163
Genes_Cancer,2,0,8,22
Genes_Cells,14,1,2,0
Genes_Chromosomes_Cancer,4,0,5,7
Genes_Dis,0,0,1,16
Genes_Environ,1,0,0,3
Genes_Genomics,1,1,6,1
Genes_Immun,1,0,20,8
Genesis,1,0,0,0
Genes_Nutr,1,0,30,8
Genet_Epidemiol,0,0,0,4
Genet_Epigenet,0,1,0,0
Genetics,108,32,48,18
Genet_Med,3,0,3,0
Genet_Mol_Biol,15,4,15,18
Genet_Res_Int,0,0,1,2
Genet_Resour_Crop_Evol,0,3,0,0
Genet_Sel_Evol,34,15,2,4
Genom_Data,384,22,411,129
Genome_Announc,2175,89,6,7
Genome_Biol,1700,227,1140,685
Genome_Biol_Evol,1342,151,113,91
Genome_Integr,0,0,3,0
Genome_Med,152,15,169,289
Genomics_Inform,11,4,2,8
Genomics_Insights,0,0,2,1
Genomics_Proteomics_Bioinformatics,20,7,21,42
Geobiology,2,0,0,0
Geriatrics__Basel_,0,0,2,5
Gerontol_Geriatr_Med,0,0,0,2
GeroScience,0,0,1,0
Gigascience,1018,121,29,24
Glia,1,0,7,6
Glob_Chang_Biol,2,0,0,0
Glob_Change_Biol_Bioenergy,0,1,0,0
Glob_Health_Action,0,0,0,2
Glob_Health_Sci_Pract,0,0,1,18
Glob_J_Health_Sci,1,0,0,0
Glob_Ment_Health__Camb_,0,0,1,0
Glob_Qual_Nurs_Res,0,0,0,1
GMS_Z_Med_Ausbild,0,0,0,1
Gut,10,1,31,25
Gut_Liver,0,0,3,11
Gut_Microbes,7,0,0,0
Gut_Pathog,219,3,3,0
Haematologica,4,0,35,33
Harm_Reduct_J,0,0,1,1
Head_Face_Med,0,0,0,1
Head_Neck,0,0,0,1
Healthcare__Basel_,0,0,0,4
Healthc_Inform_Res,0,0,3,2
Health_Econ_Rev,0,0,0,3
Health_Inf_Sci_Syst,0,0,3,1
Health_Policy_Plan,0,0,0,1
Health_Promot_Int,0,0,1,0
Health_Qual_Life_Outcomes,0,0,5,22
Health_Res_Policy_Syst,0,0,0,3
Health_Sci_Rep,1,0,0,0
Helicobacter,3,1,0,1
Heliyon,34,13,11,9
Hematol_Oncol,0,0,0,1
Hematol_Rep,0,0,1,0
Hepat_Med,0,0,1,0
Hepat_Mon,0,0,0,5
Hepatol_Commun,1,0,9,9
Hepatology,0,0,13,7
Hereditas,20,1,2,13
Heredity__Edinb_,12,6,0,0
High_Throughput,5,0,1,5
Hippocampus,0,0,1,0
Histochem_Cell_Biol,0,0,3,2
HIV_AIDS__Auckl_,0,0,2,1
Hortic_Res,79,8,21,25
Hugo_J,1,0,0,0
Hum_Cell,0,0,0,1
Hum_Genet,5,5,8,3
Hum_Genome_Var,5,1,1,5
Hum_Genomics,69,0,15,22
Hum_Genomics_Proteomics,0,0,1,0
Hum_Mol_Genet,5,2,75,34
Hum_Mutat,2,3,2,2
Hum_Reprod,0,0,3,4
Hum_Reprod_Update,0,0,0,1
Hum_Resour_Health,0,0,2,2
Hum_Vaccin_Immunother,1,0,0,0
Hydrobiologia,1,0,0,0
Hypertension,2,0,2,1
Hypertens_Pregnancy,0,0,1,0
IMA_Fungus,32,0,1,0
Immun_Ageing,1,0,3,1
Immune_Netw,0,1,6,18
Immun_Inflamm_Dis,0,0,1,2
Immunity,2,1,37,14
Immunogenetics,0,2,5,0
Immunohorizons,0,0,0,2
Immunol_Cell_Biol,0,0,3,3
Immunology,0,0,2,0
Immunol_Rev,0,0,17,6
Immunome_Res,0,0,6,1
Implement_Sci,0,1,4,3
Indian_J_Dermatol,0,0,0,2
Indian_J_Endocrinol_Metab,0,0,0,2
Indian_J_Med_Res,0,0,3,0
Indian_J_Psychiatry,0,0,0,2
Indian_J_Urol,0,0,0,1
Infect_Agent_Cancer,0,0,2,3
Infect_Dis_Model,0,0,0,2
Infect_Dis_Obstet_Gynecol,0,0,1,0
Infect_Dis_Poverty,1,0,0,0
Infect_Drug_Resist,47,4,0,4
Infect_Ecol_Epidemiol,8,0,0,0
Infect_Genet_Evol,16,0,0,0
Infect_Immun,16,0,6,1
Inflamm_Bowel_Dis,0,0,9,8
Inflamm_Regen,0,0,2,3
Inflamm_Res,0,0,0,1
Influenza_Other_Respir_Viruses,0,1,0,0
Inhal_Toxicol,0,0,2,0
Innov_Aging,0,0,0,1
Insect_Mol_Biol,0,0,2,0
Insects,7,1,4,1
Insights_Cancer_Res,0,0,0,3
In_Silico_Biol,0,0,3,3
In_Silico_Pharmacol,0,0,1,0
Int_Braz_J_Urol,0,0,0,2
Integr_Biol__Camb_,0,0,3,6
Integr_Cancer_Ther,0,0,0,1
Intensive_Care_Med_Exp,0,0,3,2
Interdiscip_Sci,0,0,0,1
Interface_Focus,0,0,0,2
Intest_Res,1,0,0,0
Int_Health,0,0,0,1
Int_Immunol,0,0,2,0
Int_J_Alzheimers_Dis,0,0,0,7
Int_J_Androl,0,0,1,0
Int_J_Behav_Nutr_Phys_Act,0,0,0,2
Int_J_Biol_Sci,22,5,49,85
Int_J_Breast_Cancer,0,0,1,1
Int_J_Cancer,1,0,28,70
Int_J_Cell_Biol,1,0,2,3
Int_J_Chron_Obstruct_Pulmon_Dis,2,0,2,11
Int_J_Clin_Oncol,0,0,0,3
Int_J_Clin_Pharm,0,0,0,1
Int_J_Endocrinol,0,0,5,20
Int_J_Endocrinol_Metab,0,0,1,2
Int_J_Environ_Res_Public_Health,54,2,11,23
Int_J_Epidemiol,0,0,1,2
Int_J_Equity_Health,0,0,1,2
Int_J_Evol_Biol,1,0,1,0
Int_J_Fertil_Steril,0,0,3,1
Int_J_Food_Microbiol,2,0,0,0
Int_J_Genomics,149,16,23,82
Int_J_Geriatr_Psychiatry,0,0,64,2
Int_J_Hematol_Oncol_Stem_Cell_Res,0,0,0,4
Int_J_Immunopathol_Pharmacol,0,0,0,2
Int_J_Med_Chem,0,0,0,1
Int_J_Med_Microbiol,1,0,0,0
Int_J_Med_Sci,1,0,5,22
Int_J_Ment_Health_Addict,0,0,0,3
Int_J_Ment_Health_Syst,0,0,0,2
Int_J_Microbiol,10,0,0,1
Int_J_Mol_Med,2,0,50,140
Int_J_Mol_Sci,562,129,325,522
Int_J_Nanomedicine,0,0,6,9
Int_J_Nephrol,0,0,1,0
Int_J_Nephrol_Renovasc_Dis,0,0,1,0
Int_J_Neuropsychopharmacol,0,0,2,9
Int_J_Obes__Lond_,0,0,12,4
Int_J_Oncol,0,1,42,196
Int_J_Oral_Sci,2,0,0,0
Int_J_Otolaryngol,0,0,0,1
Int_J_Parasitol,7,2,2,0
Int_J_Parasitol_Drugs_Drug_Resist,4,4,2,0
Int_J_Parasitol_Parasites_Wildl,2,0,9,5
Int_J_Part_Ther,0,0,3,1
Int_J_Plant_Genomics,1,1,1,4
Int_J_Qual_Stud_Health_Well-being,0,0,0,1
Int_J_Rheumatol,0,0,1,0
Int_J_Stem_Cell_Res_Ther,0,0,1,0
Int_J_Syst_Evol_Microbiol,18,0,0,1
Int_J_Telemed_Appl,0,0,0,1
Int_J_Tryptophan_Res,0,1,0,0
Int_J_Yoga,0,0,0,1
Int_Neurourol_J,0,0,1,0
Int_Psychogeriatr,0,0,2,1
Int_Urol_Nephrol,1,0,1,5
Investig_Clin_Urol,0,0,2,1
Investig_Genet,3,0,0,1
Invest_Ophthalmol_Vis_Sci,0,0,19,6
In_Vitro_Cell_Dev_Biol_Anim,1,0,0,1
Iperception,0,0,1,0
Iran_Biomed_J,0,0,2,18
Iranian_J_Environ_Health_Sci_Eng,0,0,3,0
Iran_J_Basic_Med_Sci,0,0,1,4
Iran_J_Biotechnol,0,0,0,2
Iran_J_Cancer_Prev,0,0,0,1
Iran_J_Med_Sci,0,0,1,0
Iran_J_Pathol,0,0,1,2
Iran_J_Psychiatry_Behav_Sci,0,0,0,2
Iran_J_Public_Health,0,0,0,3
iScience,32,0,32,16
Islets,0,0,0,1
ISME_J,339,12,9,1
ISRN_Bioinform,8,1,15,11
ISRN_Cardiol,0,0,1,0
ISRN_Microbiol,0,0,2,2
ISRN_Neurol,0,0,0,1
ISRN_Neurosci,0,0,0,1
ISRN_Oncol,0,0,2,7
Ital_J_Food_Saf,1,0,0,0
J_Abnorm_Child_Psychol,0,0,0,1
JACC_Basic_Transl_Sci,0,0,1,3
J_Acquir_Immune_Defic_Syndr,1,0,2,6
J_Adolesc_Health,0,0,0,1
J_Adv_Res,0,0,2,5
J_Aging_Health,0,0,0,1
J_Aging_Res,0,0,0,2
JAKSTAT,0,0,17,8
J_Allergy__Cairo_,0,0,7,5
J_Allergy_Clin_Immunol,3,0,1,6
J_Alzheimers_Dis,0,0,3,23
J_Alzheimers_Dis_Parkinsonism,0,0,0,1
J_Alzheimers_Dis_Rep,0,0,0,1
J_Am_Acad_Child_Adolesc_Psychiatry,0,0,0,1
JAMA_Netw_Open,0,0,0,1
JAMA_Pediatr,0,0,1,0
J_Am_Chem_Soc,0,1,0,0
J_Am_Heart_Assoc,3,0,27,21
J_Am_Med_Inform_Assoc,0,4,13,10
J_Am_Soc_Mass_Spectrom,0,0,0,1
J_Angiogenes_Res,0,0,0,1
J_Anim_Ecol,2,0,0,0
J_Anim_Sci,1,0,1,0
J_Anim_Sci_Biotechnol,17,0,9,1
J_Anim_Sci_Technol,4,2,0,0
J_Antimicrob_Chemother,40,4,1,0
J_Appl_Crystallogr,0,0,0,2
J_Appl_Genet,0,0,9,5
J_Appl_Phycol,0,0,0,1
J_Appl_Physiol__1985_,0,0,1,0
J_Appl_Toxicol,0,0,2,1
J_Assist_Reprod_Genet,1,0,1,1
J_Atheroscler_Thromb,0,0,0,2
J_Autism_Dev_Disord,0,0,0,2
J_Autoimmun,0,0,1,1
J_Bacteriol,24,4,4,2
J_Basic_Microbiol,0,0,1,0
J_Behav_Addict,0,0,1,12
J_Bioanal_Biomed,0,0,1,2
J_Biogeogr,0,1,0,0
J_Biol,0,0,15,9
J_Biol_Chem,10,0,51,20
J_Biol_Eng,3,0,0,1
J_Biol_Res__Thessalon_,14,0,7,7
J_Biol_Rhythms,0,0,5,6
J_Biomark,0,0,1,0
J_Biomed_Biotechnol,1,0,22,35
J_Biomed_Mater_Res_B_Appl_Biomater,0,0,0,1
J_Biomed_Sci,3,0,17,17
J_Biomed_Semantics,0,0,0,12
J_Biotechnol,1,0,1,0
JBMR_Plus,0,0,2,2
J_Bone_Miner_Res,0,0,3,0
J_Bone_Oncol,0,0,2,5
J_Breast_Cancer,0,0,2,23
J_Cachexia_Sarcopenia_Muscle,0,0,7,7
J_Cancer,9,3,30,279
J_Cancer_Prev,0,0,1,2
J_Cancer_Res_Clin_Oncol,0,0,3,8
J_Cancer_Sci_Ther,0,0,1,3
J_Cancer_Ther,0,0,1,4
J_Carcinog,0,0,2,1
J_Carcinog_Mutagen,0,0,1,2
J_Cardiovasc_Dev_Dis,0,0,2,1
J_Cell_Biochem,1,0,2,15
J_Cell_Biol,8,2,91,46
J_Cell_Commun_Signal,0,0,2,1
J_Cell_Mol_Med,1,1,69,141
J_Cell_Physiol,0,0,8,7
J_Cell_Sci,4,0,17,5
J_Cent_Nerv_Syst_Dis,14,0,3,2
J_Cereb_Blood_Flow_Metab,0,0,4,0
J_Chem_Inf_Model,0,0,1,0
J_Cheminform,0,0,0,1
JCI_Insight,0,0,15,13
J_Clin_Biochem_Nutr,2,1,0,0
J_Clin_Bioinforma,22,2,22,37
J_Clin_Endocrinol_Metab,0,0,7,6
J_Clin_Exp_Hematop,0,0,0,2
J_Clin_Invest,0,0,18,8
J_Clin_Med,4,0,15,44
J_Clin_Med_Res,0,0,1,2
J_Clin_Microbiol,850,18,0,1
J_Clin_Neurol,0,0,2,3
J_Clin_Oncol,2,0,1,0
J_Clin_Pathol,0,0,0,3
J_Clin_Res_Pediatr_Endocrinol,0,0,0,1
J_Clin_Transl_Hepatol,0,0,0,1
J_Clin_Transl_Sci,0,0,1,0
J_Comp_Physiol_B,3,0,0,0
J_Comp_Physiol_[B],3,0,0,0
J_Comput_Biol,15,1,1,4
J_Conserv_Dent,0,0,1,0
JCO_Precis_Oncol,1,0,0,1
J_Crohns_Colitis,0,0,7,5
J_Cross_Cult_Gerontol,0,0,0,1
J_Cyst_Fibros,1,0,0,0
J_Dermatol_Sci,0,0,0,1
J_Dev_Biol,0,0,1,0
J_Diabetes_Investig,0,0,4,10
J_Diabetes_Res,4,0,5,3
J_Endocr_Soc,5,0,8,5
J_Enzyme_Inhib_Med_Chem,0,0,1,4
J_Epidemiol,0,0,0,6
J_Epidemiol_Community_Health,0,0,0,3
J_Equine_Sci,2,0,0,0
J_Ethnobiol_Ethnomed,0,0,40,2
J_Eukaryot_Microbiol,1,0,0,0
J_Exerc_Nutrition_Biochem,0,0,2,4
J_Exp_Bot,128,26,154,125
J_Exp_Clin_Cancer_Res,5,0,64,349
J_Exp_Med,60,1,530,163
J_Exp_Zool_B_Mol_Dev_Evol,2,0,0,0
J_Extracell_Vesicles,14,0,10,10
J_Fish_Biol,0,0,1,0
J_Foot_Ankle_Res,0,0,0,1
J_Fungi__Basel_,13,4,9,18
J_Gastroenterol,0,0,3,2
J_Genet_Eng_Biotechnol,0,0,1,3
J_Genet_Genomics,0,0,1,0
J_Genet_Syndr_Gene_Ther,0,0,0,1
J_Gen_Intern_Med,0,0,5,3
J_Genomics,39,5,14,28
J_Gen_Physiol,4,2,0,2
J_Gen_Virol,6,0,0,0
J_Geochem_Explor,0,0,0,1
J_Geriatr_Cardiol,0,0,0,1
J_Gerontol_A_Biol_Sci_Med_Sci,1,0,3,0
J_Ginseng_Res,6,0,4,0
J_Glob_Health,0,0,0,3
J_Glob_Infect_Dis,0,0,0,1
J_Glob_Oncol,0,0,0,1
J_Gynecol_Oncol,0,0,0,1
J_Headache_Pain,0,0,1,0
J_Healthc_Eng,3,0,0,0
J_Health_Commun,0,0,0,1
J_Health_Serv_Res_Policy,0,0,0,2
J_Hematol_Oncol,3,0,71,162
J_Hepatol,2,1,1,0
J_Hered,4,0,0,0
J_Hosp_Infect,2,0,0,0
J_Hum_Genet,2,0,2,7
J_Hum_Reprod_Sci,0,0,1,1
J_Hypertens,0,1,3,0
J_Immunol,8,0,15,2
J_Immunol_Methods,0,0,4,5
J_Immunol_Res,2,0,13,27
J_Immunother_Cancer,1,0,11,5
J_Ind_Microbiol_Biotechnol,3,0,0,1
J_Infect,0,0,0,3
J_Infect_Dis,56,2,15,6
J_Inflamm__Lond_,0,0,3,1
J_Inflamm_Res,0,0,0,1
J_Insect_Sci,18,5,2,2
J_Int_AIDS_Soc,2,0,2,11
J_Integr_Bioinform,2,1,2,1
J_Integr_Plant_Biol,1,0,1,3
J_Intern_Med,1,0,2,0
J_Int_Med_Res,0,0,27,67
J_Int_Neuropsychol_Soc,0,0,1,0
J_Invest_Dermatol,3,0,47,24
J_Investig_Med,0,0,2,0
J_Korean_Med_Sci,0,0,1,5
J_Leukoc_Biol,0,0,3,1
J_Lipid_Res,2,0,7,4
J_Lipids,0,0,4,15
J_Mammary_Gland_Biol_Neoplasia,0,0,1,1
J_Med_Case_Rep,0,0,1,0
J_Med_Chem,0,0,1,0
J_Med_Genet,2,0,2,4
J_Med_Internet_Res,0,0,1,5
J_Med_Microbiol,5,0,2,0
J_Med_Signals_Sens,0,0,1,9
J_Microbiol_Methods,1,0,0,0
JMIR_Med_Inform,0,0,0,1
JMIR_Mhealth_Uhealth,0,0,0,2
JMIR_Public_Health_Surveill,0,0,0,1
JMIR_Rehabil_Assist_Technol,0,0,0,1
JMIR_Res_Protoc,0,0,0,1
JMM_Case_Rep,1,0,0,0
J_Mol_Biol,2,0,0,0
J_Mol_Cell_Biol,0,0,12,42
J_Mol_Cell_Cardiol,0,0,4,1
J_Mol_Endocrinol,0,0,3,0
J_Mol_Evol,2,0,0,0
J_Mol_Histol,0,0,1,3
J_Mol_Med,0,0,7,4
J_Mol_Med__Berl_,1,0,6,11
J_Mol_Neurosci,0,0,6,7
J_Mol_Psychiatry,0,0,2,0
J_Mol_Signal,0,0,1,2
J_Nanobiotechnology,0,0,4,0
J_Natl_Cancer_Inst,0,0,9,17
J_Nat_Med,0,0,1,0
J_Nat_Prod,2,2,0,0
JNCI_Cancer_Spectr,0,0,0,2
J_Neural_Transm,0,0,0,1
J_Neurochem,0,0,3,0
J_Neurodev_Disord,0,0,3,5
J_Neuroendocrinol,0,0,2,0
J_Neuroeng_Rehabil,0,0,0,1
J_Neurogastroenterol_Motil,0,0,0,1
J_Neurogenet,0,0,1,0
J_Neuroinflammation,13,0,32,25
J_Neurol,0,0,1,5
J_Neurol_Neurosurg_Psychiatry,0,0,1,0
J_Neurol_Sci,0,0,0,1
J_Neuromuscul_Dis,0,0,0,1
J_Neurooncol,0,0,5,10
J_Neuropathol_Exp_Neurol,0,0,0,5
J_Neurophysiol,0,0,2,0
J_Neurosci,0,0,2,1
J_Neurovirol,2,0,0,3
J_Nucleic_Acids,1,0,0,0
J_Nurs_Res,0,0,0,1
J_Nutr,2,0,2,0
J_Nutr_Health_Aging,0,0,0,2
J_Nutr_Sci,1,0,2,0
J_Ocul_Biol_Dis_Infor,0,0,4,0
J_Oncol,0,0,1,22
J_Open_Res_Softw,0,0,0,1
J_Ophthalmol,0,0,3,5
J_Oral_Microbiol,12,1,1,0
J_Orthop_Res,0,0,1,0
J_Orthop_Surg_Res,0,0,8,15
journalName,0,0,0,0
J_Ovarian_Res,0,0,16,47
J_Pain_Res,0,0,4,3
J_Parkinsons_Dis,0,0,0,1
J_Pathog,1,0,0,1
J_Pathol,4,0,26,26
J_Pathol_Clin_Res,2,0,6,7
J_Pers_Med,6,0,0,3
J_Pharmacol_Exp_Ther,0,0,1,0
J_Pharm_Anal,0,0,0,1
J_Pharm_Health_Care_Sci,2,0,0,0
J_Phycol,3,0,1,0
J_Physiol_Anthropol,1,0,0,0
J_Phys_Ther_Sci,0,0,1,7
J_Plant_Res,1,0,0,0
J_Proteome_Res,5,0,5,4
J_Proteomics,3,0,0,1
J_Proteomics_Bioinform,0,0,2,3
J_Public_Health_Africa,0,0,0,1
J_Radiat_Res,0,0,6,3
J_Renin_Angiotensin_Aldosterone_Syst,0,0,1,13
J_Reprod_Dev,10,0,6,2
J_Res_Med_Sci,0,0,1,2
J_RNAi_Gene_Silencing,0,0,1,1
J_R_Soc_Interface,1,0,5,12
J_Rural_Med,0,0,0,3
J_S_Afr_Vet_Assoc,1,0,0,0
J_Sci_Food_Agric,1,0,0,0
J_Skin_Cancer,0,0,1,0
JSLS,0,0,0,2
J_Smooth_Muscle_Res,0,0,0,1
J_Stem_Cells_Regen_Med,0,0,1,0
J_Steroid_Biochem_Mol_Biol,0,0,1,0
J_Struct_Funct_Genomics,0,0,0,1
J_Thorac_Oncol,0,0,1,0
J_Thromb_Haemost,0,0,0,1
J_Transl_Med,4,2,110,323
J_Urban_Health,0,0,0,1
J_Urol,0,0,0,2
J_Venom_Anim_Toxins_Incl_Trop_Dis,6,0,0,0
J_Venom_Res,1,0,0,0
J_Vet_Intern_Med,9,0,0,3
J_Vet_Med_Sci,9,0,3,3
J_Vet_Res,0,0,1,0
J_Vet_Sci,2,0,3,1
J_Viral_Hepat,1,0,1,0
J_Virol,217,19,14,5
J_Virus_Erad,0,0,0,1
J_Vis_Exp,25,1,4,3
Kidney_Int,0,0,10,5
Kidney_Int_Rep,1,0,0,0
Kidney_Res_Clin_Pract,0,0,1,0
Korean_J_Food_Sci_Anim_Resour,0,1,0,0
Korean_J_Parasitol,0,0,1,0
Korean_J_Physiol_Pharmacol,0,0,0,4
Korean_J_Urol,0,0,0,1
Lab_Anim_Res,0,0,0,1
Lab_Invest,1,0,10,5
Lancet,2,0,0,0
Lancet_Gastroenterol_Hepatol,1,0,0,0
Lancet_Glob_Health,0,0,0,1
Lancet_Infect_Dis,31,0,0,0
Lancet_Oncol,0,0,2,1
Lancet_Respir_Med,3,0,2,4
Lasers_Med_Sci,0,0,1,0
Leukemia,15,0,106,91
Leuk_Lymphoma,0,0,0,3
Leuk_Res_Rep,0,0,0,2
Life__Basel_,4,3,9,6
Life_Sci_Alliance,27,4,50,24
Life_Sci_Space_Res__Amst_,0,0,2,8
Limnol_Oceanogr_Methods,1,0,0,0
Lipids_Health_Dis,3,0,10,13
Liver_Int,0,0,1,22
Lung_Cancer_Int,0,0,0,1
Lung_Cancer_Manag,0,0,1,4
Lupus_Sci_Med,0,0,1,0
MAbs,0,0,1,0
Malar_J,37,34,22,6
Malawi_Med_J,0,0,0,1
Mamm_Genome,3,2,14,7
Mar_Biotechnol__NY_,10,0,8,0
Mar_Drugs,73,24,11,7
Mar_Environ_Res,1,0,0,0
Mar_Genomics,1,1,0,0
Materials__Basel_,3,0,0,2
Mater_Sociomed,0,0,0,1
Mayo_Clin_Proc_Innov_Qual_Outcomes,0,0,0,1
mBio,786,47,191,40
Mech_Dev,1,0,0,0
Medchemcomm,1,0,0,0
Med_Educ_Online,0,0,0,1
Med_Health_Care_Philos,0,0,1,0
Mediators_Inflamm,2,0,15,33
Medicina__Kaunas_,0,0,0,4
Medicine__Baltimore_,12,0,41,143
Medicines__Basel_,0,0,0,1
Med_Oncol,0,0,1,3
Med_Sci__Basel_,0,0,0,6
Med_Sci_Monit,1,1,44,254
Med_Sci_Monit_Basic_Res,0,0,0,4
Melanoma_Res,0,0,1,4
Membranes__Basel_,0,0,0,1
Mem_Inst_Oswaldo_Cruz,21,1,0,1
Metab_Brain_Dis,0,0,2,1
Metab_Eng_Commun,7,2,1,0
Metabolites,0,0,1,4
Metabolomics,0,0,3,1
Meta_Gene,3,3,0,3
Methods,1,0,1,2
Methods_Ecol_Evol,3,0,0,0
MethodsX,0,0,2,0
Microarrays__Basel_,0,0,17,38
Microb_Biotechnol,111,2,29,9
Microb_Cell,2,0,7,4
Microb_Cell_Fact,43,1,47,15
Microb_Drug_Resist,1,0,0,0
Microb_Ecol,49,1,0,0
Microb_Ecol_Health_Dis,0,0,2,1
Microbes_Environ,136,1,2,4
Microb_Genom,563,219,14,4
Microb_Inform_Exp,2,1,0,0
Microbiology,0,3,10,6
Microbiologyopen,116,12,23,6
Microbiol_Resour_Announc,2151,59,5,2
Microbiome,609,96,7,2
Micromachines__Basel_,0,0,0,2
Microorganisms,74,8,5,11
Microrna,0,0,1,0
MMWR_Morb_Mortal_Wkly_Rep,1,0,0,0
Mob_DNA,38,10,6,12
Mod_Pathol,3,0,4,2
Mol_Autism,1,0,19,15
Mol_Biol_Cell,15,1,51,26
Mol_Biol_Evol,296,56,41,46
Mol_Biol_Int,0,0,0,4
Mol_Biol__Los_Angel_,0,0,1,3
Mol_Biol_Rep,0,0,5,1
Mol_Biosyst,0,0,1,4
Mol_Brain,5,1,25,28
Mol_Breed,4,2,0,0
Mol_Cancer,7,0,185,339
Mol_Cancer_Ther,0,0,1,0
Mol_Carcinog,0,0,6,19
Mol_Cell,20,2,116,53
Mol_Cell_Biochem,0,0,1,2
Mol_Cell_Biol,1,0,20,46
Mol_Cell_Endocrinol,0,0,1,1
Mol_Cell_Proteomics,9,0,11,11
Mol_Cells,11,1,39,27
Mol_Clin_Oncol,0,0,1,4
Mol_Cytogenet,0,1,3,10
Mol_Ecol,111,26,3,0
Mol_Ecol_Resour,50,3,0,0
Molecules,88,40,24,35
Mol_Endocrinol,0,0,2,8
Mol_Genet_Genomic_Med,6,2,5,14
Mol_Genet_Genomics,6,0,6,6
Mol_Genet_Metab_Rep,0,0,1,0
Mol_Hum_Reprod,0,0,15,5
Mol_Immunol,0,0,1,1
Mol_Med,0,0,4,8
Mol_Med_Rep,20,1,156,787
Mol_Metab,4,0,61,28
Mol_Microbiol,14,0,26,0
Mol_Neurobiol,0,0,15,30
Mol_Neurodegener,2,0,22,19
Mol_Nutr_Food_Res,0,0,6,1
Mol_Oncol,10,4,47,150
Mol_Oral_Microbiol,0,0,1,0
Mol_Pain,0,0,8,2
Mol_Pharmacol,0,0,0,1
Mol_Phylogenet_Evol,3,0,0,0
Mol_Plant,4,0,2,0
Mol_Plant_Pathol,3,0,1,0
Mol_Psychiatry,2,0,24,20
Mol_Reprod_Dev,0,0,1,0
Mol_Syst_Biol,129,9,243,96
Mol_Ther,2,0,11,7
Mol_Ther_Methods_Clin_Dev,4,0,3,4
Mol_Ther_Nucleic_Acids,10,0,50,58
Mol_Ther_Oncolytics,0,1,5,12
Mol_Vis,5,0,61,12
Mov_Disord,1,0,0,1
Mov_Ecol,0,0,0,3
mSphere,404,35,50,20
mSystems,259,30,49,9
Mucosal_Immunol,6,0,18,17
Multidiscip_Respir_Med,0,0,2,0
Mult_Scler_Relat_Disord,0,0,1,0
Muscle_Nerve,0,0,2,3
Mutagenesis,0,0,1,0
Mutat_Res,0,0,0,1
Mycobiology,9,0,0,2
MycoKeys,3,0,0,0
Mycology,6,0,0,0
Mycol_Prog,1,0,0,0
Mycopathologia,0,0,0,2
Nagoya_J_Med_Sci,1,0,0,0
Nanomaterials__Basel_,1,0,1,6
Nanoscale_Res_Lett,1,0,0,0
Nanotoxicology,0,0,4,1
Nat_Biomed_Eng,3,0,6,0
Nat_Biotechnol,58,14,61,24
Nat_Cell_Biol,13,0,191,142
Nat_Chem_Biol,17,0,22,4
Nat_Clim_Chang,1,0,0,0
Nat_Commun,2717,223,2713,1776
Nat_Ecol_Evol,37,8,4,2
Nat_Genet,222,23,216,123
Nat_Immunol,26,2,216,64
Nat_Mater,0,0,2,1
Nat_Med,42,4,151,75
Nat_Metab,0,0,4,4
Nat_Methods,159,29,81,78
Nat_Microbiol,36,7,15,1
Nat_Neurosci,13,2,94,57
Nat_Phys,0,0,1,0
Nat_Plants,3,0,8,3
Nat_Struct_Mol_Biol,21,1,89,22
Nature,354,39,661,226
N_Engl_J_Med,1,0,0,0
Neoplasia,6,0,40,75
Nephrol_Dial_Transplant,0,0,1,0
Neural_Dev,2,0,9,0
Neural_Develop,0,0,1,0
Neural_Plast,0,0,2,6
Neural_Regen_Res,0,0,2,6
Neurobiol_Aging,0,0,2,4
Neurobiol_Dis,0,0,4,0
Neurochem_Res,0,0,0,2
Neurogenesis__Austin_,0,0,1,0
Neurogenetics,2,0,3,1
Neuroimage,0,0,0,1
Neuroimage_Clin,0,0,2,0
Neuroinformatics,0,0,0,1
Neurol_Genet,0,0,0,4
Neurol_Neuroimmunol_Neuroinflamm,1,0,0,0
Neurol_Ther,0,0,2,0
Neuromolecular_Med,0,0,1,0
Neuron,1,1,20,6
Neuro_Oncol,0,0,2,3
Neuropathol_Appl_Neurobiol,0,0,2,0
Neuropsychiatr_Dis_Treat,0,0,0,5
Neuropsychol_Rev,0,0,1,1
Neuropsychopharmacology,1,0,4,9
Neuroradiology,0,0,0,1
Neuroscience,0,0,0,1
Neurotox_Res,1,0,0,0
New_Microbes_New_Infect,8,3,0,0
New_Phytol,87,7,18,4
Nicotine_Tob_Res,0,0,0,1
Noncoding_RNA,11,0,12,11
Noncoding_RNA_Res,0,0,0,1
NPJ_Aging_Mech_Dis,0,0,9,0
NPJ_Biofilms_Microbiomes,35,13,3,1
NPJ_Breast_Cancer,30,3,29,58
NPJ_Digit_Med,0,0,1,0
NPJ_Genom_Med,13,0,7,8
NPJ_Microgravity,3,0,6,2
NPJ_Parkinsons_Dis,0,0,1,0
NPJ_Precis_Oncol,0,0,2,19
NPJ_Regen_Med,1,0,7,1
NPJ_Schizophr,0,0,3,6
NPJ_Syst_Biol_Appl,3,1,27,87
NPJ_Vaccines,4,0,2,0
Nucleic_Acids_Res,1438,228,1816,1307
Nucleus,1,0,8,7
Nucl_Recept,0,0,1,0
Nucl_Receptor_Res,0,0,0,1
Nucl_Recept_Signal,0,0,26,21
Nutr_Diabetes,0,0,1,2
Nutrients,31,2,29,24
Nutr_J,1,0,2,1
Nutr_Metab__Lond_,1,0,18,9
Nutr_Neurosci,0,0,1,0
Nutr_Res_Pract,0,0,0,2
N_Z_Vet_J,0,0,1,0
Obes_Facts,0,0,1,3
Obesity__Silver_Spring_,0,0,1,8
Obstet_Gynecol_Int,0,0,0,1
Oecologia,2,0,0,0
OMICS,0,1,2,9
Oncogene,18,1,273,374
Oncogenesis,1,1,54,85
Oncoimmunology,5,1,25,104
Oncol_Lett,5,1,115,768
Oncol_Rep,3,0,34,262
Oncoscience,5,0,9,21
Oncotarget,172,29,1512,4080
Onco_Targets_Ther,5,0,68,516
Online_J_Public_Health_Inform,0,0,1,1
Open_Access_Maced_J_Med_Sci,0,0,1,0
Open_Biol,63,7,23,11
Open_Forum_Infect_Dis,14,1,1,1
Open_Med,0,0,0,1
Open_Neurol_J,0,0,0,1
Open_Ophthalmol_J,0,0,0,1
Open_Orthop_J,0,0,0,1
Open_Virol_J,0,0,0,2
Ophthalmol_Eye_Dis,0,0,1,0
Ophthalmol_Ther,0,0,0,2
Oral_Oncol,0,0,1,8
Organogenesis,0,0,2,0
Orphanet_J_Rare_Dis,0,0,11,5
Osteoarthritis_Cartilage,0,0,1,3
Oxid_Med_Cell_Longev,0,0,14,43
Pac_Symp_Biocomput,3,0,0,3
Pain,0,0,5,1
Pan_Afr_Med_J,0,0,0,1
Pancreas,0,0,2,4
Papillomavirus_Res,7,0,0,4
Parasite,4,3,0,0
Parasitology,5,0,0,2
Parasit_Vectors,121,33,38,12
Parkinsons_Dis,0,0,3,9
Part_Fibre_Toxicol,1,0,16,14
Pathog_Dis,5,2,0,0
Pathogenetics,0,0,2,0
Pathogens,16,12,3,0
Pathog_Immun,1,0,1,1
Pathol_Int,0,0,0,1
Patholog_Res_Int,0,0,0,5
Pathol_Oncol_Res,0,0,1,3
Patient_Saf_Surg,0,0,1,0
Pediatr_Res,1,0,5,2
Pediatr_Rheumatol_Online_J,0,0,1,2
Peerj,14,0,2,5
PeerJ,2049,212,166,347
Persoonia,1,0,0,0
Pestic_Biochem_Physiol,2,0,0,0
Pharmaceuticals__Basel_,0,0,1,4
Pharmaceutics,0,0,0,6
Pharmacogenet_Genomics,0,0,0,3
Pharmacogenomics_J,1,0,13,12
Pharmacol_Res_Perspect,0,0,24,22
Pharmacy__Basel_,0,0,0,1
Pharm_Biol,1,0,0,0
Philos_Trans_R_Soc_Lond_B_Biol_Sci,18,3,4,6
Physiol_Genomics,0,0,6,2
Physiol_Plant,0,0,0,1
Physiol_Rep,83,0,38,11
Phytochemistry,1,0,0,0
PhytoKeys,2,0,1,0
Pilot_Feasibility_Stud,0,0,0,3
Placenta,0,0,0,1
Planta,5,0,1,9
Plant_Biotechnol_J,115,18,25,23
Plant_Cell_Environ,0,0,2,1
Plant_Cell_Physiol,66,5,19,11
Plant_Cell_Rep,2,0,0,3
Plant_Direct,32,4,22,10
Plant_Divers,10,0,0,0
Plant_J,23,1,28,8
Plant_Methods,41,5,13,9
Plant_Mol_Biol,17,4,17,9
Plant_Mol_Biol_Report,6,1,1,0
Plant_Pathol,1,0,0,0
Plant_Pathol_J,8,0,2,1
Plant_Physiol_Biochem,0,0,1,0
Plant_Reprod,1,0,0,1
Plants__Basel_,16,16,6,17
Plant_Signal_Behav,2,0,0,7
Plant_Soil,8,0,0,0
Plast_Reconstr_Surg_Glob_Open,0,0,1,0
PLoS_Biol,207,21,334,155
PLoS_Comput_Biol,181,55,232,491
PLoS_Curr,16,3,0,0
PLoS_Genet,1008,160,1427,565
PLoS_Med,16,2,39,71
PLoS_Negl_Trop_Dis,413,35,111,32
PLoS_One,9178,1073,7651,5777
PLoS_Pathog,410,49,442,95
Polymers__Basel_,2,0,0,0
Popul_Health_Metr,0,0,6,2
Poult_Sci,0,0,1,0
PPAR_Res,0,0,15,5
Pract_Lab_Med,0,0,0,2
Prev_Chronic_Dis,0,0,0,1
Proc_Biol_Sci,34,5,3,0
Processes__Basel_,1,0,0,0
Proc_Jpn_Acad_Ser_B_Phys_Biol_Sci,0,0,3,2
Proc_Natl_Acad_Sci_U_S_A,284,21,177,73
Prog_Orthod,1,0,0,0
Prostate,1,0,2,4
Prostate_Cancer,0,0,0,1
Prostate_Cancer_Prostatic_Dis,0,0,3,1
Protein_Cell,4,0,18,18
Protein_Pept_Lett,0,0,0,1
Protein_Sci,0,0,0,1
Proteomes,6,0,1,1
Proteome_Sci,2,0,6,9
Proteomics,3,1,0,5
Protist,4,0,1,0
Protoplasma,4,0,0,0
Psychiatr_Genet,0,0,1,0
Psychiatry_Investig,0,0,0,4
Psychiatry_J,0,0,1,0
Psychol_Med,0,0,1,5
Psychopharmacology__Berl_,0,0,1,2
Psychosoc_Med,0,0,0,2
Psychosom_Med,1,0,0,0
Pulm_Circ,0,0,4,3
Q_J_R_Meteorol_Soc,0,0,1,0
Qual_Life_Res,0,0,3,5
Radiat_Oncol,0,0,5,8
Rare_Dis,0,0,2,0
Redox_Biol,2,0,13,37
Regeneration__Oxf_,0,0,3,0
Regen_Ther,0,0,4,1
Ren_Fail,0,0,2,5
Reprod_Biol_Endocrinol,4,0,49,16
Reprod_Health,0,0,0,1
Reprod_Med_Biol,0,1,1,0
Reproduction,4,1,1,4
Res_Microbiol,2,0,0,0
Respir_Res,5,0,46,76
Results_Immunol,3,0,1,0
Retrovirology,24,2,24,17
Rev_Saude_Publica,0,0,0,7
Rheumatology__Oxford_,0,0,3,4
Rice__N_Y_,63,8,33,104
Risk_Manag_Healthc_Policy,0,0,0,1
RNA_Biol,46,4,37,22
RSC_Adv,0,0,1,0
R_Soc_Open_Sci,74,7,8,5
S_Afr_J_Psychiatr,0,0,0,1
SAHARA_J,0,0,1,2
Sarcoma,1,0,4,2
Saudi_J_Gastroenterol,0,0,1,11
Saudi_Med_J,0,0,2,2
Scand_J_Gastroenterol,0,0,0,1
Scanning,0,0,1,0
Schizophr_Bull,0,0,2,6
Schizophr_Res,0,0,1,0
Sci_Adv,162,12,84,52
Sci_Data,9379,56,131,139
Science,6,0,2,0
ScientificWorldJournal,18,0,16,53
Sci_Rep,5055,845,2496,3318
Sci_Transl_Med,0,0,1,0
Scoliosis_Spinal_Disord,0,0,0,2
Semin_Immunopathol,0,0,2,2
Sensors__Basel_,3,0,12,28
Sex_Plant_Reprod,0,0,0,2
Sex_Transm_Infect,35,0,0,2
Shanghai_Arch_Psychiatry,0,0,0,1
Signal_Transduct_Target_Ther,0,0,1,3
Silence,0,0,2,5
Skelet_Muscle,3,0,24,50
Sleep,0,0,0,3
Small_GTPases,0,0,0,4
Soc_Psychiatry_Psychiatr_Epidemiol,0,0,2,2
Source_Code_Biol_Med,15,7,9,12
South_Afr_J_HIV_Med,0,0,0,1
Springerplus,44,3,7,12
Stand_Genomic_Sci,336,34,3,3
Stat_Med,0,0,0,8
Stat_Methods_Med_Res,0,0,0,1
Stem_Cell_Reports,57,5,458,78
Stem_Cell_Res,0,0,13,5
Stem_Cell_Res_Ther,7,1,75,54
Stem_Cell_Rev,0,0,9,6
Stem_Cells,3,0,23,5
Stem_Cells_Dev,0,0,5,0
Stem_Cells_Int,3,0,29,32
Stem_Cells_Transl_Med,0,0,12,3
Structure,0,0,0,1
Stud_Mycol,3,0,3,0
Subst_Abuse,0,0,3,3
Subst_Abuse_Treat_Prev_Policy,0,0,0,1
Summit_on_Translat_Bioinforma,6,1,0,2
Surg_Endosc,0,0,0,1
Surg_Neurol_Int,0,0,0,2
Symbiosis,1,0,0,2
Synth_Syst_Biotechnol,2,0,0,0
Syst_Biol,85,5,0,0
Syst_Rev,1,0,2,6
Technol_Cancer_Res_Treat,0,0,3,21
Technol_Health_Care,0,0,1,4
Temperature__Austin_,0,0,0,1
Theor_Appl_Genet,26,2,1,4
Theor_Biol_Med_Model,0,0,3,10
Ther_Adv_Chronic_Dis,1,0,0,0
Ther_Adv_Med_Oncol,0,0,1,7
Ther_Adv_Ophthalmol,1,0,12,21
Theranostics,14,3,57,110
Ther_Clin_Risk_Manag,0,0,0,1
Thorac_Cancer,0,0,2,20
Thorax,6,0,3,7
Thromb_Haemost,0,0,0,1
Tob_Induc_Dis,0,0,0,1
Toxicol_Appl_Pharmacol,0,0,1,1
Toxicol_Mech_Methods,0,0,0,1
Toxicol_Rep,1,0,2,2
Toxicol_Res,0,0,0,1
Toxicol_Res__Camb_,0,0,1,0
Toxicol_Sci,0,0,18,10
Toxics,0,0,1,0
Toxins__Basel_,117,22,15,13
Traffic,0,0,0,1
Transcription,0,0,1,3
Transcr_Open_Access,0,0,0,4
Transl_Androl_Urol,0,0,0,3
Translation__Austin_,0,0,2,2
Transl_Neurodegener,0,0,3,2
Transl_Neurosci,0,0,0,2
Transl_Oncol,1,0,14,40
Transl_Psychiatry,20,3,60,113
Transl_Respir_Med,0,0,1,0
Transl_Vis_Sci_Technol,0,0,1,0
Transplantation,0,0,0,2
Transplant_Direct,0,0,0,1
Trans_R_Soc_Trop_Med_Hyg,11,0,0,0
Tree_Physiol,1,0,0,4
Tremor_Other_Hyperkinet_Mov__N_Y_,0,0,0,2
Trends_Hear,0,0,0,1
Trends_Plant_Sci,0,0,0,1
Trials,0,0,13,35
Trop_Med_Infect_Dis,3,6,0,0
Tuberc_Respir_Dis__Seoul_,0,0,0,1
Tuberc_Res_Treat,0,0,0,1
Tuberculosis__Edinb_,6,8,1,0
Tumour_Biol,0,0,3,10
Turk_J_Biol,1,0,0,0
Turk_J_Haematol,0,0,0,1
Ulster_Med_J,0,0,0,2
United_European_Gastroenterol_J,0,0,1,6
Urol_Ann,0,0,0,1
Vaccine,31,0,2,0
Vaccines__Basel_,0,0,1,0
Vasc_Cell,0,0,3,0
Vet_Med_Int,0,0,0,1
Vet_Rec_Open,1,0,0,0
Vet_Res,51,4,22,3
Vet_Res_Commun,0,0,0,2
Vet_Sci,2,1,0,0
Vet_World,41,0,0,0
Virol_J,36,5,22,11
Virology,13,2,0,0
Virology__Auckl_,0,0,1,0
Virulence,41,0,9,1
Viruses,183,27,22,8
Virus_Evol,198,6,0,0
Virus_Genes,13,0,0,0
Waste_Manag,1,0,0,0
Water_Air_Soil_Pollut,3,0,0,0
Water_Res_X,1,0,0,0
Wellcome_Open_Res,51,2,12,13
Western_Pac_Surveill_Response_J,0,0,1,0
Wiley_Interdiscip_Rev_RNA,1,4,1,0
World_Allergy_Organ_J,0,0,1,1
World_J_Biol_Chem,0,0,0,1
World_J_Clin_Oncol,0,0,0,1
World_J_Emerg_Surg,0,0,1,0
World_J_Gastroenterol,5,0,6,38
World_J_Gastrointest_Oncol,0,0,1,1
World_J_Hepatol,0,0,3,10
World_J_Microbiol_Biotechnol,1,0,0,0
World_J_Oncol,0,0,0,1
World_J_Stem_Cells,0,1,2,0
World_J_Surg_Oncol,0,0,6,69
Worm,0,0,0,1
Yale_J_Biol_Med,0,0,2,1
Yeast,0,1,2,0
Yonsei_Med_J,0,0,2,7
Zdr_Varst,0,0,0,1
Zoo_Biol,0,0,0,1
Zookeys,23,1,0,3
Zoological_Lett,20,3,0,0
Zool_Res,2,0,0,0
