journalName,MULTI,NCBI_SRA,EMBL,DDBJ,NCBI_GEO,TCGA,GTEx
3_Biotech,0,5,1,0,0,25,1
3D_Print_Med,0,0,0,0,0,1,0
AAPS_J,0,0,0,0,1,1,0
Acad_Pathol,0,0,0,0,0,2,0
Acc_Chem_Res,0,0,0,0,0,1,0
ACS_Appl_Mater_Interfaces,0,0,0,0,0,2,0
ACS_Biomater_Sci_Eng,0,0,0,0,0,1,0
ACS_Cent_Sci,0,2,0,0,0,0,0
ACS_Chem_Biol,1,2,0,0,1,9,0
ACS_Chem_Neurosci,0,0,0,0,0,1,0
ACS_Infect_Dis,0,2,0,0,1,3,0
ACS_Nano,0,0,0,0,1,9,0
ACS_Omega,0,0,0,0,1,16,0
ACS_Sens,0,0,0,0,0,1,0
ACS_Synth_Biol,0,0,0,0,1,6,0
Acta_Biochim_Biophys_Sin_(Shanghai),0,0,0,0,0,0,0
Acta_Biomater,0,0,0,0,0,2,0
Acta_Cir_Bras,0,0,0,0,0,1,0
Acta_Crystallogr_D_Biol_Crystallogr,0,0,1,0,0,13,0
Acta_Crystallogr_D_Struct_Biol,0,0,0,0,0,3,0
Acta_Crystallogr_F_Struct_Biol_Commun,0,0,0,0,0,20,0
Acta_Crystallogr_Sect_F_Struct_Biol_Cryst_Commun,0,0,0,0,0,25,0
Acta_Diabetol,0,0,0,0,0,0,1
Acta_Histochem_Cytochem,0,0,0,0,0,12,0
Acta_Med_Litu,0,0,0,0,0,1,0
Acta_Naturae,1,2,0,0,2,29,0
Acta_Neuropathol,5,0,0,0,14,28,2
Acta_Neuropathol_Commun,8,0,0,0,38,48,1
Acta_Ophthalmol,0,0,0,0,0,0,1
Acta_Orthop,0,0,0,0,0,5,0
Acta_Orthop_Traumatol_Turc,0,0,0,0,2,0,0
Acta_Ortop_Bras,0,0,0,0,0,1,0
Acta_Otorhinolaryngol_Ital,1,0,0,0,0,0,0
Acta_Paediatr,0,0,0,0,0,1,0
Acta_Pharmacol_Sin,0,0,0,0,1,6,0
Acta_Pharm_Sin_B,0,4,1,0,2,16,0
Acta_Physiol_(Oxf),0,0,0,0,0,0,0
Acta_Theriol_(Warsz),0,0,0,0,0,0,0
Acta_Trop,0,0,0,0,0,1,0
Acta_Vet_Scand,0,1,1,0,1,15,0
Addict_Behav_Rep,0,0,0,0,5,0,0
Addict_Biol,0,0,0,0,1,0,1
Addiction,0,0,0,0,1,0,0
Addict_Sci_Clin_Pract,0,0,0,0,2,0,0
Adipocyte,0,0,0,0,3,6,0
Adv_Appl_Bioinforma_Chem,0,0,0,0,3,0,0
Adv_Appl_Bioinform_Chem,0,0,0,0,1,1,0
Adv_Bioinformatics,1,2,0,0,8,2,0
Adv_Biomed_Res,0,0,0,0,1,11,0
Adv_Biosci_Biotechnol,0,0,0,0,0,1,0
Adv_Hematol,0,0,0,0,2,1,0
Adv_Med,0,0,0,0,0,2,0
Adv_Microbiol,0,0,0,0,0,1,0
Adv_Mod_Oncol_Res,1,0,0,0,0,0,0
Adv_Pediatr_Res,0,1,0,0,0,0,0
Adv_Pharmacol_Sci,0,1,1,0,1,2,0
Adv_Pharm_Bull,0,0,0,0,0,2,0
Adv_Prev_Med,0,0,0,0,3,0,0
Adv_Radiat_Oncol,0,0,0,0,1,1,0
Adv_Sci_(Weinh),0,0,0,0,0,0,0
Adv_Urol,0,0,0,0,1,3,0
Adv_Virol,1,0,0,1,2,4,0
Aerobiologia_(Bologna),0,0,0,0,0,0,0
Afr_Health_Sci,1,0,0,0,0,5,0
Afr_J_Infect_Dis,0,0,0,0,0,1,0
Afr_J_Lab_Med,0,0,0,0,5,1,0
Afr_J_Prim_Health_Care_Fam_Med,0,0,0,0,1,0,0
Afr_J_Tradit_Complement_Altern_Med,0,0,0,0,0,2,0
Age_Ageing,0,0,0,0,4,0,0
Age_(Dordr),0,0,0,0,0,0,0
Aging_(Albany_NY),0,0,0,0,0,0,0
Aging_Cell,10,1,0,0,60,35,5
Aging_Clin_Exp_Res,0,0,0,0,2,0,0
Aging_Dis,0,0,0,0,2,7,0
AIDS,0,0,0,0,2,0,0
AIDS_Behav,0,0,0,0,6,0,0
AIDS_Res_Hum_Retroviruses,0,0,0,0,0,1,0
AIDS_Res_Ther,0,0,0,0,1,7,0
AIDS_Res_Treat,0,0,0,0,3,0,0
AIMS_Biophys,0,0,0,0,0,1,0
AIMS_Genet,0,0,0,0,0,1,0
AIMS_Microbiol,1,4,0,0,1,4,0
Air_Qual_Atmos_Health,0,0,0,1,0,0,0
Alcohol_Clin_Exp_Res,0,0,0,0,0,1,0
Algorithms_Mol_Biol,5,6,2,0,11,7,0
Aliment_Pharmacol_Ther,0,0,1,0,0,0,0
Allergy,0,0,0,0,1,1,1
Allergy_Asthma_Clin_Immunol,0,0,0,0,1,3,1
Allergy_Asthma_Immunol_Res,0,0,0,0,2,8,1
Alzheimers_Dement,0,0,0,0,1,0,0
Alzheimers_Dement_(Amst),0,0,0,0,0,0,0
Alzheimers_Dement_(N_Y),0,0,0,0,0,0,0
Alzheimers_Res_Ther,1,0,0,0,32,3,1
AMB_Express,8,69,2,3,5,127,0
Ambio,0,1,0,0,0,0,0
AMIA_Jt_Summits_Transl_Sci_Proc,2,0,0,0,7,15,1
Amino_Acids,0,0,0,0,0,4,0
Am_J_Clin_Nutr,0,0,0,0,2,0,0
Am_J_Clin_Pathol,0,0,0,0,1,0,0
Am_J_Epidemiol,0,0,0,0,1,0,1
Am_J_Hum_Genet,1,1,2,0,0,0,7
Am_J_Hypertens,0,0,0,0,0,1,0
Am_J_Pathol,2,0,0,0,1,0,0
Am_J_Phys_Anthropol,0,1,0,0,0,0,0
Am_J_Physiol_Cell_Physiol,0,0,0,0,1,2,0
Am_J_Physiol_Endocrinol_Metab,0,0,0,0,4,2,0
Am_J_Physiol_Gastrointest_Liver_Physiol,0,0,0,0,2,2,0
Am_J_Physiol_Heart_Circ_Physiol,0,0,0,0,0,1,0
Am_J_Physiol_Lung_Cell_Mol_Physiol,0,0,0,0,1,1,0
Am_J_Physiol_Regul_Integr_Comp_Physiol,0,0,0,0,1,1,0
Am_J_Physiol_Renal_Physiol,0,0,0,0,1,1,0
Am_J_Reprod_Immunol,0,0,0,0,0,1,0
Am_J_Respir_Crit_Care_Med,0,0,0,0,0,0,1
Am_J_Surg_Pathol,0,0,0,0,0,1,0
Am_J_Transplant,0,1,0,0,3,0,0
Am_J_Trop_Med_Hyg,0,0,1,0,2,12,0
Anaerobe,0,0,0,0,0,1,0
Anal_Bioanal_Chem,0,1,0,0,0,8,0
Anal_Biochem,0,0,0,0,0,1,0
Anal_Cell_Pathol_(Amst),0,0,0,0,0,0,0
Anal_Chem,0,1,0,0,0,7,0
Anal_Chem_Insights,1,0,0,0,0,0,0
Anat_Cell_Biol,0,0,0,0,1,1,0
Anatol_J_Cardiol,0,0,0,0,0,3,0
An_Bras_Dermatol,0,0,0,0,0,2,0
Andrology,0,0,0,0,1,0,0
Anemia,0,0,0,0,0,2,0
Angew_Chem_Int_Ed_Engl,0,0,0,0,0,1,0
Angiogenesis,2,0,0,0,5,4,0
Animal,0,0,0,0,0,1,0
Animal_Model_Exp_Med,0,0,0,0,1,3,0
Animals_(Basel),0,0,0,0,0,0,0
Anim_Cells_Syst_(Seoul),0,0,0,0,0,0,0
Anim_Genet,0,3,1,0,1,0,0
Anim_Nutr,1,1,0,0,0,6,0
Anim_Sci_J,0,0,0,0,0,2,0
Ann_Appl_Biol,0,0,0,0,0,1,0
Ann_Biomed_Eng,0,0,0,0,0,1,0
Ann_Bot,1,7,1,0,3,2,0
Ann_Clin_Microbiol_Antimicrob,0,1,0,0,1,44,0
Ann_Clin_Transl_Neurol,2,0,0,0,6,10,3
Ann_Dermatol,0,0,0,0,0,5,0
Ann_Entomol_Soc_Am,0,0,0,0,0,1,0
Ann_Gastroenterol,0,0,0,0,1,2,0
Ann_Gastroenterol_Surg,0,0,0,0,0,2,0
Ann_Gen_Hosp_Psychiatry,0,0,0,0,2,0,0
Ann_Gen_Psychiatry,0,0,0,0,10,0,0
Ann_Hematol,0,0,0,0,1,2,0
Ann_Hepatobiliary_Pancreat_Surg,0,0,0,0,0,1,0
Ann_Intensive_Care,0,0,0,0,1,1,0
Ann_Lab_Med,1,0,0,0,0,12,0
Ann_Med,0,0,0,0,1,0,0
Ann_Neurol,0,1,0,0,4,3,4
Ann_Neurosci,0,0,0,0,0,1,0
Ann_Nucl_Med,0,0,0,0,1,0,0
Ann_Oncol,1,0,0,0,5,16,1
Ann_Rehabil_Med,0,0,0,0,0,1,0
Ann_Rheum_Dis,1,1,0,0,8,2,3
Ann_Saudi_Med,0,0,0,0,0,1,0
Ann_Surg_Oncol,1,0,0,0,0,4,0
Ann_Surg_Treat_Res,0,0,0,0,1,1,0
Antibiotics_(Basel),0,0,0,0,0,0,0
Antib_Ther,0,0,0,0,0,1,0
Anticancer_Drugs,0,0,0,0,2,2,0
Antiinflamm_Antiallergy_Agents_Med_Chem,0,0,0,0,0,1,0
Antimicrob_Agents_Chemother,7,19,2,0,3,19,0
Antimicrob_Resist_Infect_Control,0,3,2,0,0,16,0
Antioxidants_(Basel),0,0,0,0,0,0,0
Antioxid_Redox_Signal,1,0,0,0,5,7,0
Antiviral_Res,0,0,0,0,0,2,0
Antonie_Van_Leeuwenhoek,1,2,1,0,2,10,0
AoB_Plants,4,3,0,0,4,29,0
APL_Bioeng,1,0,0,0,2,1,0
APMIS,0,0,0,0,0,1,0
Apoptosis,0,0,1,0,0,5,0
Appl,0,0,0,0,0,1,0
Appl_Biochem_Biotechnol,0,0,0,0,1,3,0
Appl_Econ,0,0,0,0,1,0,0
Appl_Entomol_Zool,0,0,0,0,0,1,0
Appl_Environ_Microbiol,12,56,4,0,8,44,0
Appl_Immunohistochem_Mol_Morphol,0,0,0,0,1,0,0
Appl_Microbiol_Biotechnol,4,16,2,0,4,61,0
Appl_Nanosci,0,0,0,0,0,1,0
Appl_Netw_Sci,0,0,0,0,1,0,0
Appl_Plant_Sci,92,38,0,1,1,246,0
Appl_Soil_Ecol,0,0,0,0,0,1,0
Appl_Transl_Genom,0,1,0,0,0,7,0
Aquaculture,0,0,0,0,0,1,0
Aquat_Biosyst,0,0,0,0,0,1,0
Archaea,1,5,1,0,3,15,0
Arch_Biochem_Biophys,0,0,0,0,1,1,0
Arch_Dermatol_Res,0,0,0,0,1,2,0
Arch_Gynecol_Obstet,0,0,0,0,0,3,0
Arch_Immunol_Ther_Exp_(Warsz),0,0,0,0,0,0,0
Arch_Med_Sci,0,1,0,0,4,15,0
Arch_Microbiol,0,0,0,0,1,5,0
Arch_Osteoporos,0,0,0,0,1,0,0
Arch_Pharm_Res,0,0,0,0,0,3,0
Arch_Toxicol,0,0,0,0,16,5,0
Arch_Virol,1,1,0,0,1,16,0
Arq_Bras_Cardiol,0,0,0,0,0,2,0
Arq_Bras_Cir_Dig,0,0,0,0,0,1,0
Arterioscler_Thromb_Vasc_Biol,1,0,0,0,4,1,2
Arthritis,0,0,0,0,0,2,0
Arthritis_Res,1,0,0,0,0,0,0
Arthritis_Res_Ther,8,1,0,0,98,117,1
Arthritis_Rheum,0,0,0,0,2,4,0
Arthritis_Rheumatol,1,2,0,0,8,2,4
Artif_DNA_PNA_XNA,0,0,0,0,0,1,0
ARYA_Atheroscler,0,0,0,0,0,1,0
Asian-Australas_J_Anim_Sci,2,12,0,0,4,68,0
Asian_J_Androl,1,0,0,0,4,11,0
Asian_J_Urol,0,0,0,0,1,5,0
Asian_Pac_J_Cancer_Prev,1,0,0,0,4,27,0
Asian_Spine_J,0,0,0,0,0,1,0
ASN_Neuro,1,1,0,0,5,19,0
Atherosclerosis,0,0,0,0,1,1,2
Autoimmune_Dis,0,0,0,0,0,4,0
Auto_Immun_Highlights,0,0,0,0,0,1,0
Autoimmunity,0,0,0,0,0,2,0
Autophagy,0,0,0,0,12,40,0
Avicenna_J_Med_Biotechnol,0,0,0,0,3,40,0
Avicenna_J_Phytomed,0,0,0,0,0,2,0
Bacteriophage,0,2,0,0,0,1,0
Balkan_J_Med_Genet,0,0,0,0,2,0,0
Basic_Clin_Androl,0,0,0,0,1,1,0
Basic_Clin_Neurosci,0,0,0,0,0,4,0
Basic_Clin_Pharmacol_Toxicol,1,0,0,0,0,1,0
Basic_Res_Cardiol,0,0,0,0,3,5,0
BBA_Clin,0,0,0,0,2,7,0
Behav_Brain_Funct,0,0,0,0,3,4,0
Behav_Brain_Res,0,0,0,0,1,1,0
Behav_Ecol_Sociobiol,0,0,0,0,1,1,0
Behav_Genet,0,0,0,0,0,1,1
Behav_Neurol,0,0,0,0,2,1,0
Behav_Res_Methods,0,0,0,0,1,0,0
Behav_Sci_(Basel),0,0,0,0,0,0,0
Beilstein_J_Nanotechnol,0,0,0,0,1,1,0
Beilstein_J_Org_Chem,0,1,0,0,0,9,0
Best_Pract_Res_Clin_Gastroenterol,0,0,0,0,0,0,1
Big_Data,0,0,0,0,1,0,0
Bioact_Mater,0,0,0,0,0,1,0
Bioanal_Rev,0,0,0,0,0,1,0
Bioanalysis,0,0,0,0,0,1,0
Biocatal_Biotransformation,0,0,0,0,0,1,0
Biochem_Biophys_Rep,0,0,0,0,9,45,0
Biochem_Biophys_Res_Commun,1,0,0,0,2,11,0
Biochem_Eng_J,0,0,0,0,0,1,0
Biochem_Genet,0,1,0,0,1,0,0
Biochem_Insights,0,0,0,0,1,1,0
Biochemistry,0,1,0,0,2,29,0
Biochem_J,1,1,0,1,7,55,0
Biochem_Pharmacol,0,0,0,0,1,2,0
Biochem_Res_Int,0,0,0,0,2,4,0
Biochem_Soc_Trans,0,0,0,0,0,1,0
Biochim_Biophys_Acta,0,3,0,0,1,27,1
Biochim_Biophys_Acta_Gene_Regul_Mech,0,0,0,0,1,0,0
Biochim_Biophys_Acta_Mol_Cell_Res,0,0,0,0,0,1,0
Biochimie,0,1,0,0,0,1,0
Biochim_Open,0,0,0,0,1,3,0
Bioconjug_Chem,0,0,0,0,0,3,0
BioData_Min,8,4,2,0,29,15,5
Biodegradation,0,1,0,0,0,2,0
Biodivers_Data_J,0,2,1,0,1,6,0
Bioengineered,1,0,0,0,0,4,0
Bioengineering_(Basel),0,0,0,0,0,0,0
Bioeng_Transl_Med,0,0,0,0,2,1,0
Bioessays,0,0,0,0,0,2,0
Biofouling,0,1,0,0,0,0,0
Biogerontology,0,0,0,0,3,3,0
Bioimpacts,1,0,0,0,0,9,0
Bioinformatics,43,84,19,3,118,83,21
Bioinformation,2,3,0,0,28,18,0
Bioinform_Biol_Insights,3,6,1,0,26,11,0
Bioinorg_Chem_Appl,0,0,0,0,0,5,0
Biol_Bull,0,1,0,0,0,0,0
Biol_Cell,1,0,0,0,0,6,0
Biol_Direct,8,14,0,0,21,18,1
Biol_Invasions,0,1,0,0,0,1,0
Biol_Lett,0,1,1,0,0,0,0
Biol_Methods_Protoc,0,0,0,0,0,3,0
Biologicals,0,0,0,0,0,1,0
Biologics,0,0,0,0,0,3,0
Biology_(Basel),0,0,0,0,0,0,0
Biol_Open,10,10,0,1,58,94,0
Biol_Proced_Online,1,1,0,0,5,28,0
Biol_Psychiatry,1,0,0,0,2,1,1
Biol_Reprod,0,2,0,1,12,7,0
Biol_Res,8,3,0,0,8,26,0
Biol_Rhythm_Res,0,0,0,0,0,1,0
Biol_Sex_Differ,1,0,1,0,18,8,3
Biol_Sport,1,0,0,0,0,1,0
Biol_Trace_Elem_Res,0,0,0,0,0,5,0
Biomark_Cancer,0,0,0,0,4,3,0
Biomarkers,0,0,0,0,0,1,0
Biomark_Insights,0,1,0,0,9,4,0
Biomark_Res,4,0,0,0,5,7,0
Biomaterials,0,0,0,0,0,2,0
Biomater_Res,0,0,0,0,0,1,0
Biomatter,0,0,0,0,0,1,0
Biomed_Eng_Comput_Biol,0,0,0,0,0,1,0
Biomed_Eng_Online,1,0,1,0,3,3,1
Biomed_Genet_Genom,0,0,0,0,1,0,0
Biomedicines,1,0,0,0,2,9,1
Biomedicine_(Taipei),0,0,0,0,0,0,0
Biomed_Inform_Insights,0,0,0,0,2,1,0
Biomed_J,0,0,0,0,0,2,0
Biomed_Opt_Express,0,0,0,0,1,1,0
Biomed_Rep,2,0,0,0,3,6,0
Biomed_Res_Int,69,46,3,1,220,604,5
Biometals,0,0,0,0,1,2,0
Biometrika,0,0,0,0,1,0,0
Biomol_Detect_Quantif,0,1,0,0,1,10,0
Biomolecules,6,8,0,0,9,30,3
Biomol_NMR_Assign,0,0,0,0,0,1,0
Biomol_Ther_(Seoul),0,0,0,0,0,0,0
Biophysics_(Nagoya-shi),0,0,0,0,0,0,0
Biophys_J,0,0,0,0,0,1,0
Biophys_Rep,0,1,0,0,0,2,0
Biophys_Rev,1,0,0,0,1,2,1
Biopolymers,0,0,0,0,0,2,0
Biopreserv_Biobank,0,0,0,0,0,1,1
Bioprocess_Biosyst_Eng,0,0,0,0,0,2,0
Bio_Protoc,0,1,0,0,2,0,0
Biopsychosoc_Med,0,0,0,0,1,0,0
Biores_Open_Access,0,0,0,0,1,9,0
Bioresour_Bioprocess,0,1,0,1,0,3,0
Biosci_Microbiota_Food_Health,2,0,1,0,1,9,0
Biosci_Rep,25,4,1,0,30,211,6
Biosensors_(Basel),0,0,0,0,0,0,0
Biostatistics,0,0,0,0,3,0,0
Biotechnol_Bioeng,1,2,0,0,0,3,0
Biotechnol_Biofuels,20,98,4,3,61,145,0
Biotechnol_Biotechnol_Equip,0,0,0,0,1,17,0
Biotechnol_J,0,0,0,0,0,6,0
Biotechnol_Lett,0,1,0,0,0,6,0
Biotechnol_Prog,1,0,0,0,0,1,0
Biotechnol_Rep_(Amst),0,0,0,0,0,0,0
Biotechnol_Res_Int,0,0,0,0,0,4,0
Birth_Defects_Res_A_Clin_Mol_Teratol,0,0,0,0,1,0,0
BIT_Numer_Math,0,0,1,0,0,0,0
BJU_Int,0,0,0,0,1,0,0
Bladder_Cancer,2,0,0,0,1,12,0
Bl_Cancer,0,0,0,0,0,5,0
Blood,0,0,0,0,0,1,0
Blood_Cancer_J,8,1,0,0,32,25,0
Blood_Coagul_Fibrinolysis,0,0,0,0,0,1,0
Blood_Res,0,0,0,0,0,2,0
BMB_Rep,6,1,0,0,9,38,0
BMC_Anesthesiol,0,0,0,0,2,2,0
BMC_Biochem,4,0,0,0,2,64,0
BMC_Bioinformatics,152,198,24,5,652,251,11
BMC_Biol,27,47,4,2,67,84,2
BMC_Biophys,1,0,0,0,0,0,0
BMC_Biotechnol,10,13,0,0,13,300,0
BMC_Blood_Disord,0,0,0,0,0,1,0
BMC_Cancer,139,14,2,1,380,590,5
BMC_Cardiovasc_Disord,0,0,0,0,9,8,0
BMC_Cell_Biol,9,0,0,0,19,93,0
BMC_Clin_Pathol,0,0,0,0,2,6,0
BMC_Complement_Altern_Med,1,2,0,0,16,94,0
BMC_Dermatol,0,0,0,0,2,4,0
BMC_Dev_Biol,12,3,1,1,41,136,0
BMC_Ear_Nose_Throat_Disord,0,1,0,0,1,0,0
BMC_Ecol,3,2,0,0,4,8,0
BMC_Emerg_Med,0,0,0,0,1,0,0
BMC_Endocr_Disord,1,0,0,0,5,7,1
BMC_Evol_Biol,20,107,11,3,35,178,0
BMC_Fam_Pract,0,0,0,0,17,0,0
BMC_Gastroenterol,1,0,1,0,9,32,2
BMC_Genet,19,55,2,1,31,110,9
BMC_Genomics,728,1762,139,65,2090,659,34
BMC_Geriatr,1,0,0,0,118,2,0
BMC_Health_Serv_Res,0,0,0,0,33,0,0
BMC_Hematol,0,0,0,0,1,0,0
BMC_Immunol,5,1,1,0,24,57,1
BMC_Infect_Dis,5,17,4,2,31,144,0
BMC_Int_Health_Hum_Rights,0,0,0,0,1,0,0
BMC_Med,9,1,0,0,25,20,1
BMC_Med_Educ,0,0,0,0,1,0,0
BMC_Med_Ethics,0,0,0,0,3,1,0
BMC_Med_Genet,7,13,1,0,27,85,8
BMC_Med_Genomics,63,20,5,0,296,76,5
BMC_Med_Imaging,0,0,0,0,1,1,0
BMC_Med_Inform_Decis_Mak,0,0,0,0,7,6,0
BMC_Med_Res_Methodol,0,0,0,0,5,1,0
BMC_Microbiol,56,158,14,7,100,643,0
BMC_Mol_Biol,15,4,0,0,33,213,0
BMC_Mol_Cell_Biol,0,0,0,0,1,2,0
BMC_Musculoskelet_Disord,2,0,0,0,12,46,0
BMC_Nephrol,2,0,0,0,12,16,2
BMC_Neurol,1,1,0,0,40,15,2
BMC_Neurosci,7,1,0,0,43,73,0
BMC_Nurs,0,0,0,0,8,0,0
BMC_Obes,0,0,0,0,2,0,1
BMC_Ophthalmol,0,0,0,0,5,9,0
BMC_Oral_Health,1,1,0,1,3,10,0
BMC_Palliat_Care,0,0,0,0,4,0,0
BMC_Pediatr,0,1,0,0,3,5,0
BMC_Pharmacol,2,0,0,0,0,11,0
BMC_Pharmacol_Toxicol,0,0,0,0,5,9,0
BMC_Physiol,2,0,0,0,10,14,0
BMC_Plant_Biol,82,327,12,13,252,383,0
BMC_Pregnancy_Childbirth,0,1,0,0,2,6,0
BMC_Proc,0,1,0,0,5,5,0
BMC_Psychiatry,2,0,0,0,47,3,1
BMC_Psychol,0,0,0,0,4,0,0
BMC_Public_Health,0,0,0,2,46,1,1
BMC_Pulm_Med,2,1,1,0,14,14,1
BMC_Res_Notes,28,64,6,4,98,204,2
BMC_Sports_Sci_Med_Rehabil,0,0,0,0,0,1,0
BMC_Struct_Biol,0,0,0,0,3,25,0
BMC_Syst_Biol,27,8,0,1,205,77,2
BMC_Urol,0,1,0,0,6,14,0
BMC_Vet_Res,9,21,1,0,25,190,0
BMC_Womens_Health,0,0,0,0,6,3,0
BMJ,0,0,0,0,3,2,0
BMJ_Open,0,0,3,1,51,5,2
BMJ_Open_Diabetes_Res_Care,0,0,0,0,1,0,0
BMJ_Open_Gastroenterol,0,2,0,0,3,2,0
BMJ_Open_Respir_Res,0,2,0,0,1,0,0
BMJ_Paediatr_Open,0,0,0,0,1,0,0
Bone,0,0,0,0,1,0,0
Bone_Joint_Res,0,0,0,0,8,7,0
Bone_Marrow_Res,0,0,0,0,0,2,0
Bone_Rep,1,0,0,0,2,3,1
Bone_Res,0,0,0,0,4,11,0
Bot_Stud,0,7,1,0,1,18,0
Brain,3,0,0,0,11,16,3
Brain_Behav,3,0,0,0,4,6,1
Brain_Behav_Immun,1,0,0,0,1,2,0
Brain_Imaging_Behav,0,0,0,0,1,0,0
Brain_Inform,0,0,0,0,0,0,1
Brain_Neurosci_Adv,0,0,0,0,0,0,1
Brain_Sci,0,0,0,0,8,4,1
Brain_Struct_Funct,1,0,0,0,2,5,1
Brain_Topogr,0,0,0,0,0,1,0
Brain_Tumor_Res_Treat,0,0,0,0,0,1,0
Braz_J_Med_Biol_Res,1,0,0,0,11,42,0
Braz_J_Microbiol,2,14,0,0,2,97,0
Breast_Cancer_(Auckl),0,0,0,0,0,0,0
Breast_Cancer_(Dove_Med_Press),0,0,0,0,0,0,0
Breast_Cancer_Res,71,0,0,0,186,149,1
Breast_Cancer_Res_Treat,9,0,0,0,15,20,0
Breed_Sci,1,4,0,11,3,60,0
Brief_Bioinform,11,4,3,0,14,11,3
Brief_Funct_Genomics,1,1,0,0,0,3,2
Br_J_Anaesth,0,0,0,0,1,0,0
Br_J_Cancer,46,3,0,0,149,324,2
Br_J_Dermatol,0,0,0,0,0,0,1
Br_J_Haematol,1,0,0,0,5,0,0
Br_J_Health_Psychol,0,0,0,0,1,0,0
Br_J_Nutr,0,0,0,0,2,0,0
Br_J_Ophthalmol,0,0,0,0,1,3,0
Br_J_Pharmacol,0,1,0,0,5,9,0
Br_J_Surg,0,0,0,0,1,1,0
Br_Microbiol_Res_J,0,0,0,0,0,1,0
Bull_Entomol_Res,0,0,0,0,0,1,0
Bull_World_Health_Organ,0,0,0,0,2,0,0
Burns_Trauma,0,0,0,0,0,0,1
Calcif_Tissue_Int,0,0,0,0,0,4,0
Cancer,0,0,0,0,3,4,0
Cancer_Biol_Med,1,0,0,0,1,19,0
Cancer_Biol_Ther,1,1,0,0,2,13,0
Cancer_Biomark,1,0,0,0,0,2,0
Cancer_Biother_Radiopharm,0,0,0,0,0,1,0
Cancer_Causes_Control,0,0,0,0,0,3,1
Cancer_Cell,12,0,0,0,22,9,0
Cancer_Cell_Int,37,1,0,0,28,159,2
Cancer_Clin_Oncol,0,0,0,0,0,1,0
Cancer_Commun_(Lond),0,0,0,0,0,0,0
Cancer_Control,2,0,0,0,1,2,0
Cancer_Cytopathol,0,0,0,0,0,1,0
Cancer_Gene_Ther,0,0,0,0,3,16,0
Cancer_Imaging,0,0,0,0,0,3,0
Cancer_Immunol_Immunother,1,0,0,0,1,5,0
Cancer_Inform,18,1,0,0,53,74,0
Cancer_Lett,0,0,0,0,0,1,0
Cancer_Manag_Res,64,0,0,0,36,134,2
Cancer_Med,60,4,0,1,50,170,1
Cancer_Metab,5,0,0,0,8,16,0
Cancer_Metastasis_Rev,0,0,0,0,2,4,0
Cancer_Microenviron,0,0,0,0,0,3,0
Cancer_Nanotechnol,0,0,0,0,0,2,0
Cancer_Res,0,0,0,0,0,1,0
Cancer_Res_Treat,1,0,0,0,6,25,0
Cancers_(Basel),0,0,0,0,0,0,0
Cancer_Sci,28,2,0,1,65,178,2
Cancers_Head_Neck,0,0,0,0,0,8,0
Cancer_Transl_Med,0,0,0,0,0,1,0
Can_Geriatr_J,0,0,0,0,3,0,0
Can_J_Gastroenterol_Hepatol,0,0,0,0,1,1,0
Can_J_Infect_Dis_Med_Microbiol,0,2,1,0,0,11,0
Can_J_Kidney_Health_Dis,0,0,0,0,2,0,0
Cannabis_Cannabinoid_Res,0,0,0,0,0,1,0
Carbohydr_Res,0,0,0,0,0,2,0
Carcinogenesis,5,1,0,0,6,18,1
Cardiol_Res,0,0,0,0,0,1,0
Cardiovasc_Diabetol,1,1,0,0,13,26,0
Cardiovasc_Drugs_Ther,0,0,0,0,1,2,0
Cardiovasc_Hematol_Agents_Med_Chem,0,0,0,0,1,0,0
Cardiovasc_J_Afr,0,0,0,0,0,2,0
Cardiovasc_Psychiatry_Neurol,0,0,0,0,0,2,0
Cardiovasc_Res,0,0,0,0,2,4,0
Cartilage,0,0,0,0,1,6,0
Case_Rep_Dent,0,0,0,0,0,1,0
Case_Rep_Dermatol,0,0,0,0,0,1,0
Case_Rep_Endocrinol,0,0,0,0,0,1,0
Case_Rep_Genet,0,0,0,0,0,2,0
Case_Rep_Hematol,0,1,0,0,0,2,0
Case_Rep_Infect_Dis,0,1,1,0,0,0,0
Case_Rep_Med,0,0,0,0,0,4,0
Case_Rep_Neurol,0,0,0,0,1,1,0
Case_Rep_Neurol_Med,0,0,0,0,0,1,0
Case_Rep_Oncol,0,0,0,0,0,4,0
Case_Rep_Orthop,0,0,0,0,0,1,0
Case_Rep_Pathol,0,0,0,0,0,1,0
Case_Rep_Psychiatry,0,0,0,0,1,0,0
Case_Rep_Rheumatol,0,0,0,0,0,1,0
Caspian_J_Intern_Med,0,0,0,0,0,1,0
Catal_Today,0,0,0,0,0,1,0
Catheter_Cardiovasc_Interv,0,0,0,0,1,0,0
CBE_Life_Sci_Educ,0,1,0,0,0,1,0
Cell,19,8,4,0,53,26,1
Cell_Adh_Migr,0,0,0,0,2,8,0
Cell_Biochem_Biophys,0,0,0,0,0,3,0
Cell_Biochem_Funct,0,0,0,0,0,2,0
Cell_Biol_Int,0,0,0,0,0,3,0
Cell_Biol_Int_Rep_(2010),0,0,0,0,0,0,0
Cell_Biol_Toxicol,0,0,0,0,1,4,0
Cell_Biosci,3,6,1,0,12,55,0
Cell_Calcium,0,0,0,0,0,2,0
Cell_Chem_Biol,1,0,0,0,2,5,0
Cell_Commun_Signal,10,1,0,0,35,64,0
Cell_Cycle,4,0,0,1,21,39,0
Cell_Death_Differ,10,1,0,0,21,54,0
Cell_Death_Dis,156,8,0,0,254,720,1
Cell_Death_Discov,14,4,0,0,21,44,0
Cell_Discov,6,2,0,0,38,33,0
Cell_Div,0,0,0,0,2,12,0
Cell_Host_Microbe,2,4,1,0,9,5,0
Cell_Immunol,0,0,0,0,0,1,0
Cell_J,0,0,0,0,8,35,0
Cell_Logist,0,0,0,0,0,1,0
Cell_Metab,7,3,1,0,11,2,1
Cell_Microbiol,1,3,1,0,5,25,0
Cell_Mol_Biol_Lett,1,1,0,0,7,22,0
Cell_Mol_Gastroenterol_Hepatol,15,3,1,0,19,49,1
Cell_Mol_Immunol,1,0,0,0,2,2,0
Cell_Mol_Life_Sci,1,0,0,0,12,28,0
Cell_Mol_Neurobiol,0,0,0,0,0,1,0
Cell_Oncol_(Dordr),0,0,0,0,0,0,0
Cell_Physiol_Biochem,0,0,0,0,0,1,0
Cell_Prolif,0,0,0,0,0,1,0
Cell_Regen_(Lond),0,0,0,0,0,0,0
Cell_Rep,111,24,3,0,342,75,4
Cell_Reprogram,0,0,0,0,0,1,0
Cell_Res,19,6,0,0,34,32,1
Cells,7,7,0,0,22,69,2
Cell_Signal,0,0,0,0,1,7,0
Cell_Stem_Cell,3,1,2,0,30,2,0
Cell_Stress,1,0,0,0,0,3,0
Cell_Stress_Chaperones,1,1,0,0,0,6,0
Cell_Surf,0,0,0,0,0,1,0
Cell_Syst,5,2,0,0,8,2,0
Cell_Tissue_Bank,0,0,0,0,0,3,0
Cell_Tissue_Res,0,1,0,0,1,15,1
Cell_Transplant,1,0,0,0,1,14,0
Cent_Eur_J_Immunol,0,0,0,0,0,12,0
Cent_European_J_Urol,0,0,0,0,0,2,0
Cereb_Cortex,0,0,0,0,5,7,0
Cerebellum,0,0,0,0,3,2,0
Cerebrospinal_Fluid_Res,0,0,0,0,1,1,0
Ceylon_Med_J,0,0,0,0,0,1,0
Channels_(Austin),0,0,0,0,0,0,0
Chembiochem,0,0,0,0,0,2,0
Chem_Biol,0,0,0,0,0,5,0
Chem_Cent_J,0,0,0,0,0,1,0
Chemistry,0,0,0,0,0,1,0
ChemistryOpen,0,0,0,0,0,1,0
ChemMedChem,0,0,0,0,0,1,0
Chemother_Res_Pract,0,0,0,0,0,2,0
Chem_Res_Toxicol,0,0,0,0,4,4,1
Chem_Sci,0,0,0,0,1,21,0
Chem_Soc_Rev,0,0,0,0,0,1,0
Chest,0,0,0,0,1,0,0
Childs_Nerv_Syst,0,0,0,0,0,1,0
Chin_J_Cancer,1,1,0,0,4,46,0
Chin_J_Cancer_Res,1,0,0,0,0,4,0
Chin_J_Traumatol,0,0,0,0,0,1,0
Chin_Med,1,2,0,0,1,16,0
Chin_Med_J_(Engl),0,0,0,0,0,0,0
Chonnam_Med_J,0,0,0,0,0,2,0
Chromosoma,1,0,0,0,5,5,0
Chromosome_Res,1,1,0,0,1,2,0
Chronic_Dis_Transl_Med,0,0,0,0,0,2,0
Ci_Ji_Yi_Xue_Za_Zhi,0,0,0,0,0,2,0
Cilia,1,0,0,0,0,9,0
Circ_Cardiovasc_Genet,1,0,0,0,0,0,2
Circ_Genom_Precis_Med,0,0,0,0,0,0,1
Circ_Res,0,1,0,0,3,0,0
Circulation,0,0,0,0,6,1,0
Clin_Auton_Res,0,0,0,0,1,0,0
Clin_Case_Rep,0,0,0,0,0,4,0
Clin_Chim_Acta,0,0,0,0,0,1,0
Clin_Cosmet_Investig_Dermatol,0,0,0,0,0,3,0
Clin_Dev_Immunol,0,0,0,0,1,22,0
Clin_Diabetes_Endocrinol,0,0,0,0,1,0,0
Clin_Drug_Investig,0,0,0,0,1,0,0
Clin_Endocrinol_(Oxf),0,0,0,0,0,0,0
Clin_Epidemiol,0,0,0,0,2,1,1
Clin_Epigenetics,46,1,0,1,120,76,7
Clin_Exp_Dent_Res,0,1,0,0,0,4,0
Clin_Exp_Dermatol,0,0,0,0,0,1,0
Clin_Exp_Gastroenterol,0,2,0,0,1,1,0
Clin_Exp_Immunol,0,0,0,0,0,1,0
Clin_Exp_Med,0,0,0,0,0,3,0
Clin_Exp_Metastasis,0,0,0,0,4,4,0
Clin_Exp_Nephrol,0,0,0,0,1,0,0
Clin_Exp_Otorhinolaryngol,0,0,0,0,0,3,0
Clin_Exp_Reprod_Med,0,0,0,0,0,3,0
Clin_Exp_Vaccine_Res,0,0,0,0,0,4,0
Clin_Hypertens,0,0,0,0,0,1,0
Clinics,0,0,0,0,0,1,0
Clinics_(Sao_Paulo),0,0,0,0,0,0,0
Clin_Infect_Dis,0,6,5,0,1,1,0
Clin_Interv_Aging,1,0,0,0,9,1,0
Clin_J_Pain,0,0,0,0,1,0,0
Clin_Kidney_J,0,0,0,0,1,0,0
Clin_Med_Insights_Case_Rep,0,0,0,0,0,1,0
Clin_Med_Insights_Oncol,0,0,0,0,1,5,0
Clin_Med_Insights_Pediatr,0,0,0,0,0,1,0
Clin_Microbiol_Infect,0,0,2,0,0,2,0
Clin_Mol_Allergy,0,0,0,0,2,4,0
Clin_Neuropathol,0,0,0,0,0,5,0
Clin_Nutr_Res,0,0,0,0,0,1,0
Clin_Ophthalmol,0,0,0,0,0,3,0
Clin_Oral_Implants_Res,0,0,0,0,0,1,0
Clin_Oral_Investig,0,0,0,0,0,3,0
Clin_Pharmacol,0,0,0,0,1,0,0
Clin_Pharmacol_Ther,3,0,0,0,0,2,2
Clin_Pract_Epidemiol_Ment_Health,0,0,0,0,2,0,0
Clin_Proteomics,0,0,0,0,4,13,1
Clin_Psychopharmacol_Neurosci,0,0,0,0,4,2,0
Clin_Rheumatol,0,0,0,0,0,1,0
Clin_Sarcoma_Res,1,0,0,0,1,1,0
Clin_Sci_(Lond),0,0,0,0,0,0,0
Clin_Transl_Allergy,0,0,0,0,1,1,0
Clin_Transl_Gastroenterol,2,2,1,0,2,5,0
Clin_Transl_Immunology,0,0,0,0,1,4,2
Clin_Transl_Med,1,0,0,0,2,10,0
Clin_Transl_Oncol,0,0,0,0,0,6,0
Clin_Transl_Radiat_Oncol,0,0,0,0,1,3,0
Clin_Transl_Sci,1,0,0,0,1,4,2
Clin_Vaccine_Immunol,0,0,1,0,1,2,0
Clujul_Med,0,0,0,0,1,2,0
CNS_Drugs,0,0,0,0,2,1,0
CNS_Neurosci_Ther,0,0,0,0,0,8,0
CNS_Oncol,0,0,0,0,0,1,0
Cochrane_Database_Syst_Rev,0,0,0,0,2,0,0
Cogn_Neuropsychiatry,0,0,0,0,1,0,0
Cold_Spring_Harb_Mol_Case_Stud,10,10,0,0,2,27,7
Cold_Spring_Harb_Symp_Quant_Biol,1,0,0,0,0,1,0
Colomb_Med_(Cali),0,0,0,0,0,0,0
Commun_Biol,22,33,0,6,28,21,4
Commun_Integr_Biol,1,0,0,1,2,6,0
Comp_Clin_Path,0,0,0,0,0,1,0
Comp_Cytogenet,3,2,0,0,0,10,0
Comp_Funct_Genomics,2,3,0,0,6,12,0
Comp_Hepatol,1,0,0,0,2,4,0
Comput_Biol_Chem,1,0,0,0,0,0,0
Comput_Intell_Neurosci,0,0,0,0,2,0,0
Comput_Math_Methods_Med,2,1,0,0,21,11,0
Comput_Struct_Biotechnol_J,11,7,0,0,13,11,2
Connect_Tissue_Res,0,0,0,0,0,2,0
Conserv_Genet,0,1,0,0,0,0,0
Conserv_Genet_Resour,0,0,0,0,0,3,0
Conserv_Physiol,1,2,0,0,0,2,0
Contemp_Clin_Trials_Commun,0,0,0,0,2,0,0
Contemp_Drug_Probl,0,0,0,0,1,0,0
Contemp_Oncol_(Pozn),0,0,0,0,0,0,0
Contracept_Reprod_Med,0,0,0,0,0,1,0
Contrast_Media_Mol_Imaging,0,0,0,0,1,2,0
Coral_Reefs,0,1,0,0,0,0,0
CPT_Pharmacometrics_Syst_Pharmacol,1,0,0,0,3,7,1
CRISPR_J,0,1,0,0,0,1,0
Crit_Care,1,0,0,0,20,10,0
Crit_Care_Med,0,0,1,0,1,0,0
Crit_Rev_Biochem_Mol_Biol,1,0,0,0,1,0,1
Croat_Med_J,0,0,0,0,1,5,0
Crop_Prot,0,0,0,0,0,1,0
Cryst_Growth_Des,0,0,0,0,0,1,0
Cureus,0,0,0,0,3,5,0
Curr_Aging_Sci,0,0,0,0,1,0,0
Curr_Alzheimer_Res,0,0,0,0,0,2,0
Curr_Atheroscler_Rep,0,0,0,0,0,0,1
Curr_Bioinform,0,0,0,0,1,0,0
Curr_Biol,3,7,4,1,10,23,1
Curr_Biomark_Find,0,0,0,0,0,1,0
Curr_Biotechnol,0,0,0,0,0,1,0
Curr_Cardiol_Rep,0,0,0,0,0,0,1
Curr_Cardiovasc_Risk_Rep,0,0,0,0,0,0,1
Curr_Chem_Genomics,0,0,0,0,1,4,0
Curr_Colorectal_Cancer_Rep,0,0,0,0,0,1,0
Curr_Dev_Nutr,0,0,0,0,2,2,0
Curr_Diab_Rep,0,0,0,0,0,0,2
Curr_Genet,1,1,0,0,1,4,0
Curr_Genomics,1,2,0,0,17,10,0
Curr_Gerontol_Geriatr_Res,0,0,0,0,2,0,0
Curr_Hematol_Malig_Rep,0,0,0,0,0,1,0
Curr_HIV_Res,0,1,0,0,0,0,0
Curr_Hypertens_Rep,0,0,0,0,0,0,1
Curr_Med_Chem,0,0,0,0,1,0,0
Curr_Med_Mycol,0,0,0,0,0,5,0
Curr_Microbiol,0,1,3,0,2,13,0
Curr_Mol_Med,1,0,0,0,0,1,0
Curr_Neurol_Neurosci_Rep,0,0,0,0,0,0,1
Curr_Neuropharmacol,0,0,0,0,3,1,0
Curr_Nutr_Food_Sci,0,0,0,0,0,1,0
Curr_Oncol_Rep,0,0,0,0,0,1,0
Curr_Opin_Genet_Dev,0,0,0,0,2,4,0
Curr_Opin_Obstet_Gynecol,0,0,0,0,0,1,0
Curr_Opin_Plant_Biol,0,0,0,0,1,0,0
Curr_Opin_Rheumatol,0,0,0,0,1,0,0
Curr_Opin_Toxicol,0,0,0,0,0,1,0
Curr_Osteoporos_Rep,0,0,0,0,1,0,0
Curr_Pharm_Des,0,0,0,0,0,1,0
Curr_Protein_Pept_Sci,0,0,0,0,0,2,0
Curr_Pulmonol_Rep,0,0,0,0,1,0,0
Curr_Treat_Options_Oncol,0,0,0,0,0,2,0
Curr_Zool,1,0,0,0,0,0,0
Cytogenet_Genome_Res,0,0,0,0,0,1,0
Cytojournal,0,0,0,0,0,1,0
Cytokine,0,0,0,0,0,2,0
Cytoskeleton_(Hoboken),0,0,0,0,0,0,0
Cytotechnology,0,0,0,0,1,3,0
Daru,0,0,0,0,1,5,0
Data_(Basel),0,0,0,0,0,0,0
Database_(Oxford),0,0,0,0,0,0,0
Data_Brief,12,98,7,5,72,57,1
Dement_Geriatr_Cogn_Dis_Extra,0,0,0,0,3,0,0
Dement_Neurocogn_Disord,0,0,0,0,1,0,0
Dement_Neuropsychol,0,0,0,0,4,0,0
Dent_Res_J_(Isfahan),0,0,0,0,0,0,0
Dermatoendocrinol,0,0,0,0,0,1,0
Dermatol_Ther_(Heidelb),0,0,0,0,0,0,0
Dev_Biol,0,1,0,0,7,19,0
Dev_Cell,2,3,0,2,29,7,0
Dev_Comp_Immunol,0,0,0,0,0,1,0
Dev_Dyn,0,0,0,0,2,10,0
Development,12,8,2,1,85,24,0
Dev_Genes_Evol,0,0,0,0,2,5,0
Dev_Growth_Differ,0,0,0,0,0,2,0
Dev_Neurobiol,0,0,0,0,1,1,0
Dev_Reprod,0,0,0,0,0,31,0
Diabetes,5,0,0,0,58,96,8
Diabetes_Care,0,0,0,0,1,1,2
Diabetes_Metab_J,0,0,0,0,0,5,0
Diabetes_Metab_Syndr_Obes,1,0,0,0,0,8,0
Diabetes_Obes_Metab,0,0,0,0,1,0,0
Diabetes_Res_Clin_Pract,0,0,0,0,1,0,0
Diabetes_Technol_Ther,0,0,0,0,1,0,0
Diabetes_Ther,0,0,1,0,0,0,0
Diabetol_Metab_Syndr,0,0,0,0,1,5,0
Diabetologia,0,1,0,0,24,3,5
Diagn_Microbiol_Infect_Dis,0,0,0,0,0,2,0
Diagnostics_(Basel),0,0,0,0,0,0,0
Diagn_Pathol,3,2,0,0,12,42,1
Dialogues_Clin_Neurosci,0,0,0,0,1,0,0
Differentiation,0,0,0,0,0,1,0
Dig_Dis_Sci,0,0,0,0,1,5,1
Diseases,0,0,0,0,3,3,0
Dis_Markers,14,0,0,0,16,66,2
Dis_Model_Mech,12,6,1,1,59,76,3
Diversity_(Basel),0,0,0,0,0,0,0
DNA_Cell_Biol,0,0,0,0,0,1,0
DNA_Repair_(Amst),0,0,0,0,0,0,0
DNA_Res,26,78,5,49,46,23,0
Dose_Response,0,0,0,0,0,10,0
Drug_Deliv,0,0,0,0,0,3,0
Drug_Des_Devel_Ther,2,0,0,0,5,58,0
Drug_Metab_Dispos,0,0,0,0,1,1,0
Drugs,0,0,0,0,0,1,0
Drugs_Aging,0,0,0,0,0,1,0
Drugs_Context,0,0,0,0,0,1,0
Drugs_R_D,0,0,0,0,0,1,0
Drug_Target_Insights,0,0,0,0,0,4,0
EBioMedicine,57,12,1,0,98,122,16
Ecancermedicalscience,0,0,0,0,2,14,0
Echo_Res_Pract,0,0,180,0,0,0,0
EClinicalMedicine,0,1,0,0,0,0,0
Ecohealth,0,0,0,0,0,1,0
Ecol_Evol,18,126,2,6,22,85,0
Ecol_Lett,0,1,0,0,1,0,0
Econ_Bot,0,0,0,0,0,1,0
Ecotoxicology,0,1,0,0,1,3,0
EFORT_Open_Rev,0,0,0,0,1,0,0
Einstein_(Sao_Paulo),0,0,0,0,0,0,0
EJC_Suppl,0,0,0,0,0,1,0
EJIFCC,0,0,0,0,2,0,0
EJNMMI_Res,1,0,0,0,8,3,0
Electron_Physician,0,0,0,0,1,2,0
Elementa_(Wash_D_C),0,0,0,0,0,0,0
eLife,337,167,20,4,570,551,13
EMBO_J,21,2,1,1,78,65,0
EMBO_Mol_Med,39,5,4,0,100,92,3
EMBO_Rep,8,4,2,1,35,18,0
Emerg_Health_Threats_J,0,0,0,0,0,1,0
Emerg_Infect_Dis,8,69,9,3,2,167,0
Emerg_Microbes_Infect,3,24,2,0,4,13,0
Emerg_Radiol,0,0,0,0,0,1,0
Emerg_Themes_Epidemiol,0,0,0,0,1,0,0
Endocr_Connect,4,0,0,0,2,15,0
Endocrine,0,0,0,0,0,2,0
Endocrinol_Diabetes_Metab,0,1,0,0,0,0,0
Endocrinol_Diabetes_Metab_Case_Rep,0,0,0,0,0,3,0
Endocrinol_Metab_(Seoul),0,0,0,0,0,0,0
Endocrinology,0,0,0,0,9,13,0
Endocr_Pathol,0,0,0,0,1,0,0
Endocr_Relat_Cancer,4,0,0,0,8,14,0
Endosc_Int_Open,0,0,0,0,1,0,0
eNeuro,7,1,0,0,14,41,0
eNeurologicalSci,0,0,0,0,0,1,0
Environ_Entomol,0,1,0,0,0,0,0
Environ_Epidemiol,0,0,0,0,1,0,0
Environ_Epigenet,1,4,0,0,7,0,0
Environ_Health,0,1,1,0,6,9,0
Environ_Health_Insights,0,0,0,0,1,0,0
Environ_Health_Perspect,5,4,0,0,34,36,1
Environ_Health_Prev_Med,0,0,0,0,1,2,0
Environ_Health_Toxicol,0,0,0,0,1,0,0
Environ_Int,0,0,0,0,1,0,0
Environ_Microbiol,1,18,2,1,2,13,0
Environ_Microbiol_Rep,0,1,1,0,0,0,0
Environ_Mol_Mutagen,1,0,0,0,5,0,0
Environ_Monit_Assess,0,0,0,0,1,1,1
Environ_Pollut,0,0,0,0,0,1,0
Environ_Sci_Eur,0,1,0,0,1,2,0
Environ_Sci_Pollut_Res_Int,1,0,1,0,1,4,0
Environ_Sci_Technol,0,3,0,0,3,2,0
Environ_Toxicol,0,0,0,0,0,2,0
Enzyme_Res,0,0,0,0,1,6,0
Epidemiol_Infect,0,2,0,0,1,7,0
Epigenetics,11,5,0,0,43,21,3
Epigenetics_Chromatin,36,12,0,5,134,38,2
Epigenet_Insights,0,0,0,0,1,1,0
Epigenomics,2,0,0,0,7,3,2
Epilepsia,0,0,0,0,0,0,1
Eplasty,0,0,0,0,1,1,0
EPMA_J,0,0,0,0,0,3,0
Equine_Vet_J,0,0,0,0,1,0,0
ERJ_Open_Res,0,1,0,0,4,2,0
ESC_Heart_Fail,0,0,0,0,1,0,0
ESMO_Open,0,0,0,0,3,15,0
Essays_Biochem,0,0,0,0,0,1,0
Ethiop_J_Health_Sci,0,0,0,0,0,1,0
Eukaryot_Cell,1,0,0,0,1,3,0
EuPA_Open_Proteom,0,0,0,0,3,0,0
Euphytica,0,0,0,0,0,1,0
Eur_Arch_Psychiatry_Clin_Neurosci,0,0,0,0,1,0,0
EURASIP_J_Bioinform_Syst_Biol,0,1,0,0,5,8,0
Eur_Cell_Mater,0,0,0,0,0,1,0
Eur_Child_Adolesc_Psychiatry,0,0,0,0,1,0,0
Eur_Heart_J,0,0,0,0,1,0,2
Eur_J_Ageing,0,0,1,0,3,0,0
Eur_J_Appl_Physiol,0,0,0,0,0,1,0
Eur_J_Cancer,1,0,0,0,1,1,0
Eur_J_Cancer_Prev,0,0,0,0,1,0,0
Eur_J_Clin_Microbiol_Infect_Dis,0,2,1,0,0,12,0
Eur_J_Clin_Nutr,0,0,0,0,1,0,0
Eur_J_Clin_Pharmacol,0,0,0,0,1,1,0
Eur_J_Dent,0,0,0,0,0,1,0
Eur_J_Endocrinol,0,0,0,0,0,1,0
Eur_J_Epidemiol,0,0,0,0,3,0,0
Eur_J_Gastroenterol_Hepatol,0,1,0,0,0,0,0
Eur_J_Health_Econ,0,0,0,0,1,0,0
Eur_J_Heart_Fail,0,0,0,0,0,1,0
Eur_J_Histochem,0,0,0,0,0,9,0
Eur_J_Hum_Genet,1,0,1,0,6,3,7
Eur_J_Immunol,1,1,0,0,15,15,0
Eur_J_Med_Chem,0,0,0,0,0,1,0
Eur_J_Med_Res,1,0,0,0,12,7,0
Eur_J_Microbiol_Immunol_(Bp),0,0,0,0,0,0,0
Eur_J_Neurosci,0,0,0,0,1,4,0
Eur_J_Nucl_Med_Mol_Imaging,1,0,0,0,0,0,0
Eur_J_Nutr,0,0,0,0,4,3,0
Eur_J_Oral_Sci,0,0,0,0,0,1,0
Eur_J_Pain,0,0,0,0,0,1,0
Eur_J_Plant_Pathol,0,0,0,0,0,1,0
Eur_J_Psychol,0,0,0,0,1,0,0
Eur_J_Transl_Myol,0,0,0,0,0,1,0
Euro_Surveill,4,15,8,0,0,3,0
Eur_Radiol,0,0,0,0,1,1,0
Eur_Radiol_Exp,0,0,0,0,0,2,0
Eur_Respir_J,0,0,0,0,2,1,0
Eur_Rev_Aging_Phys_Act,0,0,0,0,2,0,0
Eur_Urol,1,0,0,0,1,0,0
Evid_Based_Complement_Alternat_Med,2,5,1,1,20,173,0
EvoDevo,2,8,0,2,2,27,0
Evol_Appl,4,42,3,0,6,11,0
Evol_Bioinform_Online,5,12,2,0,10,5,1
Evol_Dev,0,0,0,0,1,0,0
Evol_Lett,2,13,2,1,0,0,1
Evol_Med_Public_Health,0,1,0,0,2,1,0
Evolution,0,6,1,0,1,1,0
EXCLI_J,0,1,0,0,7,11,0
Exp_Anim,1,0,0,1,1,23,0
Exp_Appl_Acarol,0,0,0,0,0,3,0
Exp_Brain_Res,0,0,0,0,2,0,0
Exp_Dermatol,0,0,0,0,1,0,0
Exp_Diabetes_Res,0,0,0,0,0,4,0
Expert_Rev_Anti_Infect_Ther,0,0,0,0,1,0,0
Expert_Rev_Mol_Med,0,0,0,0,0,2,0
Exp_Eye_Res,0,0,0,0,1,1,0
Exp_Gerontol,0,0,0,0,1,0,0
Exp_Hematol,1,0,0,0,0,2,0
Exp_Hematol_Oncol,1,0,0,0,8,9,0
Exp_Mol_Med,13,1,1,0,31,87,1
Exp_Mol_Pathol,0,0,0,0,0,1,0
Exp_Neurobiol,0,0,0,0,2,10,0
Exp_Neurol,0,0,0,0,1,0,0
Exp_Parasitol,0,0,0,0,0,4,0
Exp_Physiol,0,0,0,0,0,0,1
Exp_Ther_Med,9,2,0,0,86,271,0
Exp_Transl_Stroke_Med,0,0,0,0,2,0,0
Extremophiles,0,3,0,1,0,6,0
Eye_Vis_(Lond),0,0,0,0,0,0,0
F1000_Biol_Rep,0,0,0,0,1,0,0
F1000Prime_Rep,0,0,0,0,1,3,0
F1000Res,36,43,7,0,53,73,7
Facts_Views_Vis_Obgyn,0,0,0,0,0,1,0
Fam_Cancer,0,0,0,0,1,6,1
FASEB_J,3,1,1,0,15,34,1
FEBS_J,0,0,0,0,3,15,0
FEBS_Lett,2,2,0,0,7,14,0
FEBS_Open_Bio,15,7,0,2,33,144,0
FEMS_Immunol_Med_Microbiol,0,0,0,0,0,1,0
FEMS_Microbiol_Ecol,3,18,2,0,1,3,0
FEMS_Microbiol_Lett,1,5,0,0,2,16,0
FEMS_Microbiol_Rev,0,1,0,0,0,0,0
FEMS_Yeast_Res,1,7,0,0,4,10,0
Fertil_Steril,0,0,0,0,0,2,1
Fibrogenesis_Tissue_Repair,0,0,0,0,4,8,0
Filaria_J,0,0,0,0,0,1,0
Fish_Physiol_Biochem,0,0,0,0,2,2,0
Fish_Shellfish_Immunol,0,0,0,0,0,4,0
Fluids_Barriers_CNS,0,0,0,0,9,5,0
Fly_(Austin),0,0,0,0,0,0,0
Folia_Microbiol_(Praha),0,0,0,0,0,0,0
Foodborne_Pathog_Dis,0,1,0,0,0,1,0
Food_Control,1,0,0,0,0,0,0
Food_Environ_Virol,0,0,0,0,0,4,0
Food_Funct,0,0,0,0,0,1,0
Food_Nutr_Res,0,0,0,0,0,5,0
Foods,0,1,0,0,1,8,1
Food_Sci_Anim_Resour,0,0,0,0,0,1,0
Food_Sci_Nutr,0,0,0,0,2,8,0
Food_Technol_Biotechnol,0,0,0,0,0,1,0
Forensic_Sci_Int_Genet,0,1,0,0,0,0,0
Forensic_Sci_Res,0,0,0,0,0,2,0
Free_Radic_Biol_Med,0,0,0,0,0,7,0
Front_Aging_Neurosci,2,2,1,0,50,30,3
Front_Behav_Neurosci,0,2,0,0,7,22,1
Front_Bioeng_Biotechnol,3,10,1,1,8,32,0
Front_Cardiovasc_Med,2,0,0,0,10,4,4
Front_Cell_Dev_Biol,6,3,0,0,12,27,0
Front_Cell_Infect_Microbiol,16,77,8,0,55,204,2
Front_Cell_Neurosci,11,4,1,0,37,109,1
Front_Chem,1,3,0,0,1,14,0
Front_Endocrinol_(Lausanne),0,0,0,0,0,0,0
Front_Genet,100,163,12,1,186,162,46
Front_Hum_Neurosci,0,0,0,0,9,2,1
Front_Immunol,59,104,5,3,274,375,12
Front_Integr_Neurosci,0,0,0,0,1,1,0
Front_Med_(Lausanne),0,0,0,0,0,0,0
Front_Microbiol,215,1462,107,44,216,998,4
Front_Mol_Biosci,1,6,0,0,8,16,3
Front_Mol_Neurosci,14,6,0,0,60,104,3
Front_Neural_Circuits,1,0,0,0,0,12,0
Front_Neuroanat,1,0,0,1,3,20,0
Front_Neuroengineering,0,0,0,0,0,1,0
Front_Neuroinform,0,0,0,0,2,1,1
Front_Neuroinformatics,0,0,0,0,1,0,0
Front_Neurol,1,2,0,0,19,23,1
Front_Neurosci,6,7,1,0,58,44,5
Front_Nutr,0,1,0,0,2,8,0
Front_Oncol,44,4,0,0,48,211,2
Front_Pediatr,0,1,0,0,7,3,1
Front_Pharmacol,16,9,0,0,51,229,8
Front_Physiol,32,83,2,0,96,201,4
Front_Plant_Sci,105,580,11,13,339,574,0
Front_Psychiatry,2,1,0,0,12,9,6
Front_Psychol,0,0,0,0,26,1,0
Front_Public_Health,0,3,0,0,1,6,1
Front_Surg,0,1,0,0,0,0,0
Front_Synaptic_Neurosci,0,0,0,0,1,3,0
Front_Syst_Neurosci,0,0,0,0,1,4,0
Front_Vet_Sci,2,14,2,1,3,18,0
Front_Zool,1,10,0,0,0,18,0
Funct_Ecol,0,0,0,0,0,1,0
Funct_Integr_Genomics,0,5,0,0,2,6,0
Fungal_Biol_Biotechnol,2,1,0,0,4,4,0
Fungal_Ecol,0,0,0,0,0,2,0
Fungal_Genet_Biol,0,0,0,0,3,15,0
Future_Microbiol,0,0,0,0,0,2,0
Future_Sci_OA,0,1,0,0,3,3,0
G3_(Bethesda),0,0,0,0,0,0,0
Gastric_Cancer,0,0,0,0,3,6,0
Gastroenterol_Hepatol_Bed_Bench,0,0,0,0,13,5,0
Gastroenterology,1,0,1,0,4,6,0
Gastroenterology_Res,0,0,0,0,0,1,0
Gastroenterol_Rep_(Oxf),0,0,0,0,0,0,0
Gastroenterol_Res_Pract,2,0,0,0,5,19,0
Gastrointest_Cancer,0,0,0,0,1,1,0
Gates_Open_Res,0,1,0,0,0,1,0
Geburtshilfe_Frauenheilkd,0,0,0,0,0,2,0
Gen_Comp_Endocrinol,1,0,0,0,0,0,0
Gene,0,1,0,0,1,2,0
Gene_Expr_Patterns,0,0,0,0,1,0,0
Gene_Regul_Syst_Bio,4,5,1,0,14,6,1
Genes_(Basel),0,0,0,0,0,0,0
Genes_Cancer,8,0,0,0,4,24,1
Genes_Cells,0,2,0,0,2,5,0
Genes_Chromosomes_Cancer,1,0,0,0,8,5,0
Genes_Dis,2,0,0,0,3,13,0
Genes_Environ,0,0,0,1,3,6,0
Genes_Genomics,0,2,0,0,3,1,0
Genes_Immun,2,1,0,0,15,14,4
Genesis,0,0,1,0,0,4,0
Genes_Nutr,3,1,0,0,21,5,1
Genet_Epidemiol,0,0,0,0,1,1,0
Genet_Epigenet,0,1,0,0,0,0,0
Gene_Ther,0,0,0,0,0,37,0
Genetica,0,0,0,0,0,3,0
Genetics,17,51,8,0,40,33,2
Genet_Med,1,1,0,0,2,1,2
Genet_Mol_Biol,3,10,1,0,15,81,2
Genet_Res_Int,0,0,0,0,3,3,0
Genet_Resour_Crop_Evol,0,0,1,0,0,0,0
Genet_Sel_Evol,1,17,2,0,6,5,1
Genet_Vaccines_Ther,0,0,0,0,0,15,0
Genom_Data,33,128,4,2,369,5,0
Genome_Announc,4,414,20,17,12,21,0
Genome_Biol,294,248,56,3,574,154,36
Genome_Biol_Evol,52,398,43,15,75,42,9
Genome_Integr,0,0,0,0,2,2,0
Genome_Med,72,52,11,0,93,77,18
Genomics_Inf,0,0,0,0,0,4,0
Genomics_Inform,2,2,1,0,7,17,1
Genomics_Insights,0,0,0,0,3,2,0
Genomics_Proteomics_Bioinformatics,5,8,2,0,20,21,1
Genus,0,0,0,0,0,1,0
Geobiology,0,2,0,0,0,0,0
Geriatrics_(Basel),0,0,0,0,0,0,0
Gerontol_Geriatr_Med,0,0,0,0,1,0,0
GeroScience,0,0,0,0,1,0,0
Gigascience,37,171,23,1,16,14,1
Glia,1,1,0,0,7,11,0
Global_Spine_J,0,0,0,0,0,1,0
Glob_Chang_Biol,0,1,1,0,0,0,0
Glob_Change_Biol_Bioenergy,0,1,0,0,0,0,0
Glob_Health_Action,0,0,0,0,2,0,0
Glob_Health_Epidemiol_Genom,0,0,0,0,0,0,1
Glob_Health_Sci_Pract,0,0,0,0,10,0,0
Glob_J_Health_Sci,0,0,1,0,0,0,0
Glob_Ment_Health_(Camb),0,0,0,0,0,0,0
Glob_Qual_Nurs_Res,0,0,0,0,1,0,0
Glycobiology,0,0,0,0,0,7,0
GM_Crops_Food,0,0,0,0,0,1,0
GMS_Z_Med_Ausbild,0,0,0,0,1,0,0
Gut,5,5,1,1,26,17,2
Gut_Liver,1,0,0,0,0,8,0
Gut_Microbes,0,5,0,2,0,4,0
Gut_Pathog,0,26,3,3,3,34,0
Gynecol_Oncol_Rep,0,0,0,0,0,7,0
Gynecol_Oncol_Res_Pract,0,0,0,0,0,7,0
Haematologica,6,1,0,0,30,6,1
Harm_Reduct_J,0,0,0,0,2,0,0
Headache,0,0,0,0,0,0,1
Head_Face_Med,0,0,0,0,1,3,0
Head_Neck,0,0,0,0,1,3,0
Head_Neck_Oncol,0,0,0,0,0,2,0
Healthcare_(Basel),0,0,0,0,0,0,0
Healthc_Inform_Res,0,0,0,0,1,0,0
Healthc_Technol_Lett,0,0,0,0,0,1,0
Health_Econ_Rev,0,0,0,0,2,0,0
Health_Inf_Sci_Syst,0,0,0,0,2,1,0
Health_Policy_Plan,0,0,0,0,1,0,0
Health_Promot_Int,0,0,0,0,1,0,0
Health_Qual_Life_Outcomes,1,0,0,0,13,0,0
Health_Res_Policy_Syst,1,0,0,0,1,0,0
Health_Sci_Rep,0,1,0,0,0,1,0
HeartRhythm_Case_Rep,0,0,0,0,0,1,0
Helicobacter,1,1,0,0,0,0,0
Heliyon,5,11,2,0,6,37,0
Hematol_Oncol,1,0,0,0,0,0,0
Hematol_Rep,0,0,0,0,1,4,0
Hematol_Rev,0,0,0,0,0,1,0
Hematol_Transfus_Cell_Ther,0,0,0,0,0,1,0
Hepat_Med,0,0,0,0,1,1,0
Hepat_Mon,0,0,0,0,2,16,0
Hepatol_Commun,0,1,0,0,9,11,0
Hepatology,4,0,0,0,15,5,1
Hepat_Oncol,1,0,0,0,0,0,0
Hepat_Res_Treat,0,0,0,0,0,1,0
Hered_Cancer_Clin_Pract,0,0,0,0,0,7,0
Hereditas,6,8,0,0,2,15,1
Heredity_(Edinb),0,0,0,0,0,0,0
Herpesviridae,0,0,0,0,0,2,0
High_Throughput,3,1,1,0,0,8,0
Hippocampus,0,0,0,0,1,0,0
Histochem_Cell_Biol,1,0,0,0,2,8,0
Histopathology,0,0,0,0,0,1,0
HIV_AIDS_(Auckl),0,0,0,0,0,0,0
Horm_Cancer,0,0,0,0,0,3,0
Hortic_Res,7,42,1,0,15,13,0
HPB_Surg,0,0,0,0,0,1,0
Hugo_J,0,1,0,0,0,0,0
Hum_Brain_Mapp,0,0,0,0,0,0,2
Hum_Cell,0,0,0,0,1,6,0
Hum_Genet,4,3,0,0,2,14,10
Hum_Genet_Embryol,0,0,0,0,0,1,0
Hum_Gene_Ther,0,0,0,0,0,4,0
Hum_Gene_Ther_Methods,0,0,0,0,0,2,0
Hum_Genome_Var,0,3,0,0,1,2,0
Hum_Genomics,7,2,0,0,16,25,8
Hum_Genomics_Proteomics,0,0,0,0,1,0,0
Hum_Mol_Genet,22,1,0,1,49,73,26
Hum_Mutat,1,1,3,0,2,15,1
Hum_Pathol,0,0,0,0,0,1,0
Hum_Reprod,1,0,0,0,5,4,0
Hum_Reprod_Update,0,0,0,0,1,1,0
Hum_Resour_Health,0,0,0,0,4,0,0
Hum_Vaccin_Immunother,0,1,0,0,0,6,0
Hydrobiologia,0,1,0,0,0,0,0
Hypertension,1,1,0,0,2,0,1
Hypertens_Pregnancy,0,0,0,0,1,0,0
Hypertens_Res,0,0,0,0,0,1,0
Hypoxia_(Auckl),0,0,0,0,0,0,0
IBRO_Rep,0,0,0,0,0,4,0
IEEE_J_Transl_Eng_Health_Med,0,0,0,0,0,1,0
IMA_Fungus,2,5,0,0,0,2,0
Immun_Ageing,1,0,0,0,3,6,0
Immune_Netw,2,1,0,0,5,18,0
Immun_Inflamm_Dis,1,0,0,0,2,11,0
Immunity,2,1,0,0,28,3,0
Immunobiology,0,0,0,0,0,2,0
Immunogenetics,0,2,0,0,2,9,0
Immunohorizons,0,0,0,0,1,2,0
Immunol_Cell_Biol,1,0,0,0,3,9,0
Immunology,0,0,0,0,2,5,1
Immunol_Rev,0,0,0,0,1,0,0
Immunome_Res,0,0,0,0,4,0,0
Immunotargets_Ther,0,0,0,0,0,1,0
Implement_Sci,0,0,0,1,4,0,0
Indian_Dermatol_Online_J,0,0,0,0,0,1,0
Indian_J_Dermatol,0,0,0,0,1,0,0
Indian_J_Endocrinol_Metab,0,0,0,0,2,0,0
Indian_J_Hum_Genet,0,0,0,0,0,2,0
Indian_J_Med_Paediatr_Oncol,0,0,0,0,0,2,0
Indian_J_Med_Res,1,0,0,0,2,16,0
Indian_J_Pharmacol,0,0,0,0,0,3,0
Indian_J_Psychiatry,0,0,0,0,2,0,0
Indian_J_Urol,0,0,0,0,1,1,0
Infect_Agent_Cancer,1,0,0,0,4,12,0
Infect_Chemother,0,0,0,0,0,3,0
Infect_Dis_(Auckl),0,0,0,0,0,0,0
Infect_Dis_Model,0,0,0,0,2,0,0
Infect_Dis_Obstet_Gynecol,0,0,0,0,1,1,0
Infect_Dis_Poverty,0,1,0,0,0,8,0
Infect_Drug_Resist,3,4,2,0,2,43,0
Infect_Ecol_Epidemiol,0,5,0,0,0,1,0
Infect_Genet_Evol,0,2,0,0,0,3,0
Infect_Immun,1,3,4,0,6,29,0
Inflammation,0,0,0,0,0,5,0
Inflamm_Bowel_Dis,1,0,0,0,5,1,0
Inflammopharmacology,0,0,0,0,0,1,0
Inflamm_Regen,0,0,0,0,3,2,0
Inflamm_Res,0,0,0,0,1,4,0
Influenza_Other_Respir_Viruses,0,1,0,0,0,14,0
Inhal_Toxicol,0,0,0,0,1,0,0
Innov_Aging,0,0,0,0,1,0,0
Insect_Biochem_Mol_Biol,0,0,0,0,0,3,0
Insectes_Soc,0,0,0,0,0,1,0
Insect_Mol_Biol,0,0,0,0,2,4,0
Insects,2,5,0,0,4,19,0
Insights_Cancer_Res,0,0,0,0,1,0,0
Insights_Enzym_Res,0,0,0,0,0,1,0
Insights_Imaging,0,0,0,0,0,2,0
In_Silico_Biol,0,0,0,0,1,0,0
In_Silico_Pharmacol,0,0,0,0,1,0,0
Int_Arch_Med,0,0,0,0,0,1,0
Int_Braz_J_Urol,0,0,0,0,1,3,0
Integr_Biol_(Camb),0,0,0,0,0,0,0
Integr_Cancer_Ther,0,0,0,0,1,7,0
Integr_Med_Res,0,0,0,0,0,1,0
Intensive_Care_Med_Exp,1,0,0,0,4,1,0
Interdiscip_Perspect_Infect_Dis,0,0,0,0,0,4,0
Interdiscip_Sci,0,0,0,0,1,1,0
Interdiscip_Toxicol,0,0,0,0,0,2,0
Interface_Focus,0,0,0,0,1,0,0
Intest_Res,0,0,0,1,0,3,0
Int_Health,0,0,0,0,1,0,0
Int_Immunol,0,0,0,0,2,1,0
Int_J_Alzheimers_Dis,0,0,0,0,2,2,0
Int_J_Androl,0,0,0,0,1,0,0
Int_J_Antimicrob_Agents,0,0,0,0,0,1,0
Int_J_Appl_Basic_Med_Res,0,0,0,0,0,2,0
Int_J_Bacteriol,0,0,0,0,0,2,0
Int_J_Behav_Nutr_Phys_Act,0,0,0,0,2,0,0
Int_J_Biochem_Cell_Biol,0,0,0,0,0,3,0
Int_J_Biochem_Res_Rev,0,0,0,0,0,1,0
Int_J_Biol_Sci,18,13,0,1,47,164,1
Int_J_Biomater,0,0,0,0,0,3,0
Int_J_Biomed_Sci,0,0,0,0,0,7,0
Int_J_Breast_Cancer,0,0,0,0,2,4,0
Int_J_Cancer,12,1,0,0,24,24,0
Int_J_Cardiol,0,0,0,0,0,1,0
Int_J_Cardiol_Heart_Vasc,0,0,0,0,0,1,0
Int_J_Cell_Biol,1,0,0,0,3,7,0
Int_J_Chron_Obstruct_Pulmon_Dis,0,2,0,0,9,5,1
Int_J_Clin_Oncol,0,0,0,0,1,0,0
Int_J_Clin_Pharm,0,0,0,0,1,0,0
Int_J_Colorectal_Dis,0,0,0,0,0,1,0
Int_J_Comput_Assist_Radiol_Surg,0,0,0,0,0,2,0
Int_J_Dent,0,0,0,0,0,5,0
Int_J_Endocrinol,2,0,0,0,6,26,0
Int_J_Endocrinol_Metab,0,0,0,0,1,0,0
Int_J_Environ_Res_Public_Health,3,16,1,1,25,82,3
Int_J_Epidemiol,0,0,0,0,3,1,2
Int_J_Equity_Health,0,0,0,0,3,0,0
Int_J_Evol_Biol,0,0,0,1,1,3,0
Int_J_Exp_Pathol,0,0,0,0,0,1,0
Int_J_Fertil_Steril,0,0,0,0,1,6,0
Int_J_Food_Microbiol,0,1,0,0,0,0,0
Int_J_Gen_Med,0,0,0,0,0,1,0
Int_J_Genomics,8,31,3,0,34,40,4
Int_J_Geriatr_Psychiatry,0,0,0,0,64,0,0
Int_J_Gynecol_Cancer,0,0,0,0,0,4,0
Int_J_Gynecol_Pathol,0,0,0,0,0,5,0
Int_J_Health_Sci_(Qassim),0,0,0,0,0,0,0
Int_J_Hematol_Oncol_Stem_Cell_Res,0,0,0,0,1,4,0
Int_J_Hepatol,0,0,0,0,0,4,0
Int_J_Hypertens,0,0,0,0,0,2,0
Int_J_Immunopathol_Pharmacol,0,0,0,0,1,10,0
Int_J_Impot_Res,0,0,0,0,0,1,0
Int_J_Inflam,0,0,0,0,0,2,0
Int_J_Insect_Sci,0,0,0,0,0,1,0
Int_J_Legal_Med,0,0,0,0,0,1,0
Int_J_Med_Chem,0,0,0,0,1,0,0
Int_J_Med_Microbiol,0,0,1,0,0,2,0
Int_J_Med_Sci,8,1,0,0,12,68,3
Int_J_Ment_Health_Addict,0,0,0,0,3,0,0
Int_J_Ment_Health_Syst,0,0,0,0,2,0,0
Int_J_Methods_Psychiatr_Res,0,0,0,0,0,0,1
Int_J_Microbiol,0,4,0,0,1,26,0
Int_J_Mol_Cell_Med,0,0,0,0,0,12,0
Int_J_Mol_Imaging,0,0,0,0,0,2,0
Int_J_Mol_Med,19,2,0,0,58,209,0
Int_J_Mol_Sci,133,282,6,6,291,1296,19
Int_J_Nanomedicine,4,0,0,0,6,115,0
Int_J_Nephrol,0,0,0,0,1,1,0
Int_J_Nephrol_Renovasc_Dis,0,0,0,0,1,3,0
Int_J_Neuropsychopharmacol,1,0,0,0,7,16,0
Int_J_Obes_(Lond),0,0,0,0,0,0,0
Int_J_Oncol,39,0,0,0,51,138,0
Int_J_Oral_Sci,0,2,0,0,0,13,1
Int_J_Organ_Transplant_Med,0,0,0,0,0,1,0
Int_J_Otolaryngol,0,0,0,0,1,0,0
Int_J_Parasitol,0,5,0,0,2,8,0
Int_J_Parasitol_Drugs_Drug_Resist,0,6,1,1,2,18,0
Int_J_Parasitol_Parasites_Wildl,0,1,0,0,1,22,0
Int_J_Part_Ther,0,0,0,0,1,0,0
Int_J_Pediatr,0,0,0,0,0,2,0
Int_J_Pediatr_Endocrinol,0,0,0,0,0,1,0
Int_J_Pept,0,0,0,0,0,3,0
Int_J_Pharm_Investig,0,0,0,0,0,1,0
Int_J_Plant_Genomics,0,1,0,1,4,10,0
Int_J_Proteomics,0,0,0,0,0,2,0
Int_J_Qual_Stud_Health_Well-being,0,0,0,0,1,0,0
Int_J_Radiat_Biol,0,0,0,0,0,1,0
Int_J_Reprod_Biomed_(Yazd),0,0,0,0,0,0,0
Int_J_Rheumatol,0,0,0,0,1,0,0
Int_J_Stem_Cell_Res_Ther,0,0,0,0,1,0,0
Int_J_Stem_Cells,0,0,0,0,0,9,0
Int_J_Surg_Oncol,0,0,0,0,0,1,0
Int_J_Syst_Evol_Microbiol,0,4,1,0,1,1,0
Int_J_Telemed_Appl,0,0,0,0,1,0,0
Int_J_Tryptophan_Res,0,1,0,0,0,0,0
Int_J_Vasc_Med,0,0,0,0,0,1,0
Int_J_Vet_Sci_Med,0,0,0,0,0,1,0
Int_J_Womens_Health,0,0,0,0,0,2,0
Int_J_Yoga,0,0,0,0,1,0,0
Int_Med_Case_Rep_J,0,0,0,0,0,2,0
Int_Microbiol,0,0,0,0,0,1,0
Int_Neurourol_J,0,0,0,0,1,2,0
Int_Orthop,0,0,0,0,0,1,0
Int_Psychogeriatr,0,0,0,0,3,0,0
Intrinsically_Disord_Proteins,0,0,0,0,0,2,0
Int_Sch_Res_Notices,0,0,0,0,0,5,0
Int_Urogynecol_J,0,0,0,0,0,1,0
Int_Urol_Nephrol,1,1,0,0,1,0,0
Investig_Clin_Urol,0,0,0,0,1,3,0
Investig_Genet,1,0,1,0,0,6,0
Invest_New_Drugs,0,0,0,0,0,3,0
Invest_Ophthalmol_Vis_Sci,2,0,0,0,20,22,2
In_Vitro_Cell_Dev_Biol_Anim,0,0,0,1,1,9,0
In_Vitro_Cell_Dev_Biol_Plant,0,0,0,0,0,1,0
Iperception,0,0,0,0,1,0,0
Iran_Biomed_J,0,0,0,0,3,13,0
Iranian_J_Environ_Health_Sci_Eng,0,0,0,0,1,0,0
Iran_J_Arthropod_Borne_Dis,0,0,0,0,0,1,0
Iran_J_Basic_Med_Sci,1,0,0,0,2,76,0
Iran_J_Biotechnol,0,0,0,0,1,10,0
Iran_J_Cancer_Prev,0,0,0,0,1,3,0
Iran_J_Child_Neurol,0,0,0,0,0,1,0
Iran_J_Med_Sci,0,0,0,0,1,10,1
Iran_J_Microbiol,0,0,0,0,0,46,0
Iran_J_Neurol,0,0,0,0,0,3,0
Iran_J_Parasitol,0,0,0,0,0,40,0
Iran_J_Pathol,0,0,0,0,1,4,0
Iran_J_Pediatr,0,0,0,0,0,1,0
Iran_J_Pharm_Res,0,0,0,0,0,13,0
Iran_J_Psychiatry,0,0,0,0,0,1,0
Iran_J_Psychiatry_Behav_Sci,0,0,0,0,1,0,0
Iran_J_Public_Health,0,0,0,0,3,18,0
Iran_J_Reprod_Med,0,0,0,0,0,9,0
Iran_Red_Crescent_Med_J,0,0,0,0,0,14,0
Ir_J_Med_Sci,0,0,0,0,0,1,0
Ir_Vet_J,0,0,0,0,0,3,0
ISBT_Sci_Ser,0,0,0,0,0,0,1
iScience,9,8,0,0,24,6,4
Islets,0,0,0,0,1,3,0
ISME_J,7,125,22,4,6,8,0
ISRN_Bioinform,0,2,0,0,3,1,0
ISRN_Biotechnol,0,0,0,0,0,1,0
ISRN_Cardiol,0,0,0,0,1,0,0
ISRN_Endocrinol,0,0,0,0,0,1,0
ISRN_Gastroenterol,0,0,0,0,0,1,0
ISRN_Hepatol,0,0,0,0,0,2,0
ISRN_Microbiol,0,0,0,0,1,6,0
ISRN_Mol_Biol,0,0,0,0,0,5,0
ISRN_Neurol,0,0,0,0,1,1,0
ISRN_Neurosci,0,0,0,0,1,1,0
ISRN_Oncol,0,0,0,0,3,3,0
ISRN_Parasitol,0,0,0,0,0,1,0
ISRN_Toxicol,0,0,0,0,0,2,0
ISRN_Urol,0,0,0,0,0,1,0
ISRN_Vet_Sci,0,0,0,0,0,1,0
Ital_J_Food_Saf,0,1,0,0,0,4,0
IUBMB_Life,0,0,0,0,0,1,0
IUCrJ,0,0,0,0,0,3,0
J_Abnorm_Child_Psychol,0,0,0,0,1,0,0
JACC_Basic_Transl_Sci,0,0,0,0,3,5,1
J_Acquir_Immune_Defic_Syndr,0,1,0,0,8,1,0
J_Adolesc_Health,0,0,0,0,1,0,0
J_Adv_Pharm_Technol_Res,0,0,0,0,0,2,0
J_Adv_Res,1,0,0,0,2,7,0
J_Aging_Health,0,0,0,0,1,0,0
J_Aging_Res,0,0,0,0,1,2,0
J_Agric_Food_Chem,0,0,0,0,0,3,0
JAKSTAT,0,0,0,0,2,2,0
J_Allergy_(Cairo),0,0,0,0,0,0,0
J_Allergy_Clin_Immunol,1,2,0,0,6,11,1
J_Alzheimers_Dis,3,0,0,0,7,5,1
J_Alzheimers_Dis_Parkinsonism,0,0,0,0,1,0,0
J_Alzheimers_Dis_Rep,0,0,0,0,1,1,0
J_Am_Acad_Child_Adolesc_Psychiatry,0,0,0,0,1,0,0
JAMA_Netw_Open,0,0,0,0,1,2,2
JAMA_Oncol,0,0,0,0,0,1,0
JAMA_Pediatr,0,0,0,0,1,0,0
JAMA_Psychiatry,0,0,0,0,0,0,1
J_Am_Chem_Soc,0,1,0,0,0,8,0
J_Am_Coll_Cardiol,0,0,0,0,0,0,1
J_Am_Heart_Assoc,6,1,1,0,30,71,6
J_Amino_Acids,0,0,0,0,0,4,0
J_Am_Med_Inform_Assoc,2,0,0,0,4,6,0
J_Am_Soc_Mass_Spectrom,0,0,0,0,1,1,0
J_Anal_Methods_Chem,0,0,0,0,0,4,0
J_Anat,0,0,0,0,0,2,0
J_Angiogenes_Res,0,0,0,0,1,0,0
J_Anim_Ecol,0,2,0,0,0,0,0
J_Anim_Sci,0,1,0,0,1,1,0
J_Anim_Sci_Biotechnol,0,12,1,0,8,49,0
J_Anim_Sci_Technol,1,1,0,0,0,3,0
J_Antimicrob_Chemother,1,4,9,0,0,10,0
J_Appl_Clin_Med_Phys,0,0,0,0,0,1,0
J_Appl_Crystallogr,0,0,0,0,2,0,0
J_Appl_Ecol,0,0,0,0,0,1,0
J_Appl_Genet,1,0,0,0,2,23,0
J_Appl_Microbiol,0,0,0,0,0,1,0
J_Appl_Oral_Sci,0,0,0,0,0,4,0
J_Appl_Phycol,0,0,0,0,1,3,0
J_Appl_Physiol_(1985),0,0,0,0,0,0,0
J_Appl_Toxicol,0,0,0,0,2,0,0
J_Arrhythm,0,0,0,0,0,1,0
J_Arthropod_Borne_Dis,0,0,0,0,0,1,0
J_Assist_Reprod_Genet,0,1,0,0,1,1,0
J_Assoc_Res_Otolaryngol,0,0,0,0,0,2,0
J_Asthma_Allergy,0,0,0,0,0,1,0
J_Atheroscler_Thromb,0,0,0,0,1,6,0
J_Autism_Dev_Disord,0,0,0,0,2,0,0
J_Autoimmun,0,0,0,0,2,2,0
J_Ayurveda_Integr_Med,0,0,0,0,0,2,0
J_Bacteriol,5,6,1,0,3,16,0
J_Basic_Microbiol,1,0,0,0,0,0,0
J_Behav_Addict,0,0,0,0,13,0,0
J_Bioanal_Biomed,0,0,0,0,1,0,0
J_Biochem,0,0,0,0,0,1,0
J_Biochem_Mol_Toxicol,0,0,0,0,0,1,0
J_Bioenerg_Biomembr,0,0,0,0,0,2,0
J_Biogeogr,0,1,0,0,0,0,0
J_Biol,1,0,0,0,3,2,0
J_Biol_Chem,10,3,0,0,45,281,0
J_Biol_Eng,1,2,0,0,1,23,0
J_Biol_Inorg_Chem,0,0,0,0,0,2,0
J_Biol_Res_(Thessalon),0,0,0,0,0,0,0
J_Biol_Rhythms,0,0,0,0,3,1,0
J_Biomark,0,0,0,0,1,0,0
J_Biom_Biostat,1,0,0,0,0,0,0
J_Biomed_Biotechnol,4,0,1,0,10,86,0
J_Biomed_Mater_Res_B_Appl_Biomater,0,0,0,0,1,1,0
J_Biomed_Phys_Eng,0,0,0,0,0,2,0
J_Biomed_Res,0,0,0,0,0,11,1
J_Biomed_Sci,4,3,0,0,19,88,0
J_Biomed_Semantics,1,0,0,0,5,4,0
J_Biomol_NMR,0,0,0,0,0,1,0
J_Biomol_Struct_Dyn,0,0,0,0,0,1,0
J_Biotechnol,0,1,0,0,1,3,0
JBMR_Plus,0,0,0,0,4,5,0
J_Bone_Metab,0,0,0,0,0,2,0
J_Bone_Miner_Res,1,0,0,0,2,10,1
J_Bone_Oncol,0,0,0,0,5,1,0
J_Breast_Cancer,1,0,0,0,2,15,0
J_Burn_Care_Res,0,0,0,0,0,1,0
J_Cachexia_Sarcopenia_Muscle,1,0,0,0,9,15,1
J_Can_Assoc_Gastroenterol,0,0,0,0,0,1,0
J_Cancer,61,3,1,0,69,179,4
J_Cancer_Metastasis_Treat,0,0,0,0,0,2,0
J_Cancer_Prev,0,0,0,0,3,6,0
J_Cancer_Res_Clin_Oncol,2,0,0,0,3,12,0
J_Cancer_Sci_Ther,0,0,0,0,2,0,0
J_Cancer_Ther,0,0,0,0,1,2,0
J_Cancer_Ther_Res,0,0,0,0,0,1,0
J_Carcinog,1,0,0,0,2,9,0
J_Carcinog_Mutagen,0,0,0,0,2,2,0
J_Cardiobiol,0,0,0,0,0,1,0
J_Cardiothorac_Surg,0,0,0,0,0,3,0
J_Cardiovasc_Dev_Dis,0,0,0,0,2,3,1
J_Cardiovasc_Pharmacol,0,0,0,0,0,3,0
J_Cell_Biochem,3,0,0,1,3,14,0
J_Cell_Biol,25,2,0,2,59,1063,1
J_Cell_Commun_Signal,0,0,0,0,2,1,0
J_Cell_Death,0,0,0,0,0,2,0
J_Cell_Mol_Med,25,2,0,0,81,332,4
J_Cell_Physiol,3,0,0,0,4,21,0
J_Cell_Sci,5,2,0,0,13,44,0
J_Cent_Nerv_Syst_Dis,2,0,0,0,0,0,0
J_Cereb_Blood_Flow_Metab,1,0,0,0,2,1,0
J_Chem_Ecol,0,0,0,0,0,3,0
J_Chem_Inf_Model,0,0,0,0,1,0,0
J_Cheminform,0,0,0,0,1,0,0
J_Chem_Theory_Comput,0,0,0,0,0,1,0
JCI_Insight,1,0,0,0,14,5,2
J_Circadian_Rhythms,0,0,0,0,0,5,0
J_Circ_Biomark,0,0,0,0,0,1,0
J_Clin_Biochem_Nutr,0,2,0,1,0,33,0
J_Clin_Bioinforma,6,0,0,0,12,7,0
J_Clin_Cell_Immunol,0,0,0,0,0,1,0
J_Clin_Endocrinol_Metab,1,0,0,0,6,3,1
J_Clin_Exp_Hematop,0,0,0,0,1,0,0
J_Clin_Immunol,0,0,0,0,0,1,0
J_Clin_Invest,2,0,0,0,12,9,0
J_Clin_Med,7,4,0,0,17,42,5
J_Clin_Med_Res,0,0,0,0,2,2,0
J_Clin_Microbiol,2,23,14,0,0,18,0
J_Clin_Neurol,0,0,0,0,1,1,0
J_Clin_Oncol,1,1,0,0,1,0,0
J_Clin_Pathol,1,0,0,0,3,4,0
J_Clin_Res_Pediatr_Endocrinol,0,0,0,0,1,1,0
J_Clin_Transl_Endocrinol,0,0,0,0,0,1,0
J_Clin_Transl_Hepatol,0,0,0,0,1,0,0
J_Clin_Transl_Sci,0,0,0,0,1,0,0
J_Clin_Urol,0,0,0,0,0,1,0
J_Clin_Virol,0,0,0,0,0,2,0
J_Comp_Neurol,0,0,0,0,0,3,0
J_Comp_Physiol_A_Neuroethol_Sens_Neural_Behav_Physiol,0,0,0,0,0,1,0
J_Comp_Physiol_B,1,0,0,0,0,1,0
J_Comp_Physiol_[B],1,0,0,0,0,1,0
J_Comput_Biol,2,2,0,0,2,0,1
J_Conserv_Dent,0,0,0,0,1,0,0
JCO_Precis_Oncol,0,1,0,0,1,2,0
J_Crohns_Colitis,1,0,0,0,4,0,0
J_Cross_Cult_Gerontol,0,0,0,0,1,0,0
J_Curr_Ophthalmol,0,0,0,0,0,1,0
J_Cyst_Fibros,0,1,0,0,0,0,0
J_Cytol_Histol,0,0,0,0,0,1,0
J_Data_Mining_Genomics_Proteomics,0,0,0,0,0,0,1
J_Dent_Res_Dent_Clin_Dent_Prospects,0,0,0,0,0,1,0
J_Dent_Sci,0,0,0,0,0,8,0
J_Dent_(Shiraz),0,0,0,0,0,0,0
J_Dermatol,0,0,0,0,0,1,0
J_Dermatol_Sci,0,0,0,0,1,0,0
J_Dev_Biol,0,0,0,0,1,4,0
J_Diabetes_Investig,1,0,0,0,4,10,0
J_Diabetes_Metab_Disord,0,0,0,0,0,2,0
J_Diabetes_Res,3,1,0,0,5,34,0
J_Digit_Imaging,0,0,0,0,0,1,0
J_Drug_Alcohol_Res,0,0,0,0,0,1,0
J_Drug_Deliv,0,0,0,0,0,2,0
J_Emerg_Dis_Virol,0,0,0,0,0,1,0
J_Endocrinol,0,0,0,0,0,7,0
J_Endocrinol_Invest,0,0,0,0,0,1,0
J_Endocr_Soc,0,3,0,0,10,21,1
J_Environ_Public_Health,0,0,0,0,0,1,0
J_Enzyme_Inhib_Med_Chem,0,0,0,0,3,9,0
J_Epidemiol,0,0,0,0,6,1,0
J_Epidemiol_Community_Health,0,0,0,0,3,0,0
J_Equine_Sci,1,0,0,0,0,3,0
J_Ethnobiol_Ethnomed,0,0,0,0,1,0,0
J_Eukaryot_Microbiol,0,1,0,0,0,4,0
J_Exerc_Nutrition_Biochem,0,0,0,0,1,5,0
J_Exerc_Rehabil,0,0,0,0,0,1,0
J_Exp_Biol,0,0,0,0,0,3,0
J_Exp_Bot,28,81,4,1,140,354,0
J_Exp_Clin_Cancer_Res,92,1,0,0,64,321,0
J_Exp_Med,117,15,1,0,335,583,2
J_Exp_Neurosci,0,0,0,0,0,1,0
J_Exp_Orthop,0,0,0,0,0,4,0
J_Exp_Pharmacol,0,0,0,0,0,1,0
J_Exp_Zool_B_Mol_Dev_Evol,0,1,0,0,0,1,0
J_Extracell_Vesicles,7,3,0,0,7,18,0
J_Family_Community_Med,0,0,0,0,0,1,0
J_Fish_Biol,0,0,0,0,1,0,0
J_Foot_Ankle_Res,0,0,0,0,1,0,0
J_Funct_Biomater,0,0,0,0,0,2,0
J_Fungi_(Basel),0,0,0,0,0,0,0
J_Gastric_Cancer,0,0,0,0,0,5,0
J_Gastroenterol,0,0,0,0,2,4,0
J_Gastroenterol_Hepatol,0,0,0,0,0,1,0
J_Gene_Med,0,0,0,0,0,1,0
J_Genet_Eng_Biotechnol,0,0,0,0,4,19,0
J_Genet_Genome_Res,0,0,0,0,0,1,0
J_Genet_Genomics,0,0,0,0,1,1,0
J_Gene_Ther,0,0,0,0,0,1,0
J_Genet_Syndr_Gene_Ther,0,0,0,0,1,0,0
J_Gen_Intern_Med,0,0,0,0,7,0,0
J_Genomics,4,20,0,1,5,3,0
J_Gen_Physiol,1,2,0,0,2,41,0
J_Gen_Virol,1,1,1,0,0,31,0
J_Geochem_Explor,0,0,0,0,1,0,0
J_Geophys_Res_Atmos,0,0,0,0,0,1,0
J_Geriatr_Cardiol,1,0,0,0,0,3,0
J_Gerontol_A_Biol_Sci_Med_Sci,0,1,0,0,3,0,0
J_Ginseng_Res,0,3,0,0,3,15,0
J_Glaucoma,0,0,0,0,0,1,0
J_Glob_Health,0,0,0,0,3,0,0
J_Glob_Infect_Dis,0,0,0,0,1,1,0
J_Glob_Oncol,0,0,0,0,1,0,0
J_Gynecol_Oncol,1,0,0,0,0,24,0
J_Headache_Pain,0,0,0,0,1,0,0
J_Healthc_Eng,0,1,0,0,0,0,0
J_Health_Commun,0,0,0,0,1,0,0
J_Health_Popul_Nutr,0,0,0,0,0,2,0
J_Health_Serv_Res_Policy,0,0,0,0,1,0,0
J_Heart_Lung_Transplant,0,0,0,0,0,1,0
J_Hematol_Oncol,29,3,0,0,47,78,0
J_Hematop,0,0,0,0,0,2,0
J_Hepatocell_Carcinoma,0,0,0,0,0,1,0
J_Hepatol,0,2,0,0,1,1,0
J_Hered,0,2,0,0,0,1,0
J_Hosp_Infect,0,0,2,0,0,0,0
J_Hum_Genet,2,0,0,2,2,6,3
J_Hum_Hypertens,0,0,0,0,0,1,1
J_Hum_Reprod_Sci,0,0,0,0,1,0,0
J_Huntingtons_Dis,0,0,0,0,0,1,0
J_Hypertens,0,0,1,0,2,1,2
J_Immune_Based_Ther_Vaccines,0,0,0,0,0,1,0
J_Immunoassay_Immunochem,0,0,0,0,0,1,0
J_Immunol,2,1,2,0,12,9,0
J_Immunol_Methods,0,0,0,0,2,1,0
J_Immunol_Res,3,1,0,0,16,56,1
J_Immunother_Cancer,2,0,0,0,12,65,0
J_Indian_Soc_Periodontol,0,0,0,0,0,1,0
J_Ind_Microbiol_Biotechnol,1,2,0,0,0,3,0
J_Infect,0,0,0,0,1,1,0
J_Infect_Dev_Ctries,0,0,0,0,0,1,0
J_Infect_Dis,0,7,4,0,9,8,0
J_Inflamm_(Lond),0,0,0,0,0,0,0
J_Inflamm_Res,0,0,0,0,1,5,0
J_Inherit_Metab_Dis,0,0,0,0,0,1,1
J_Innate_Immun,0,0,0,0,0,1,0
J_Insect_Physiol,0,0,0,0,0,1,0
J_Insect_Sci,1,14,0,0,2,88,0
J_Int_AIDS_Soc,0,2,0,0,13,2,0
J_Integr_Bioinform,0,2,0,0,3,5,2
J_Integr_Plant_Biol,0,1,0,0,3,6,0
J_Intensive_Care,0,0,0,0,0,1,0
J_Intern_Med,1,0,0,0,1,0,0
J_Int_Med_Res,0,0,0,0,4,15,0
J_Int_Neuropsychol_Soc,0,0,0,0,1,0,0
J_Int_Soc_Sports_Nutr,0,0,0,0,0,4,0
J_Invest_Dermatol,7,3,0,0,42,23,1
J_Investig_Med,1,0,0,0,0,0,0
J_Kidney_Cancer_VHL,0,0,0,0,0,1,0
J_Korean_Assoc_Oral_Maxillofac_Surg,0,0,0,0,0,1,0
J_Korean_Med_Sci,1,0,0,0,1,31,0
J_Korean_Neurosurg_Soc,0,0,0,0,0,3,0
J_Lab_Physicians,0,0,0,0,0,3,0
J_Leukoc_Biol,0,0,0,0,3,3,0
J_Lipid_Res,1,1,0,0,8,18,2
J_Lipids,0,0,0,0,2,4,0
J_Mach_Learn_Res,0,0,0,0,0,1,0
J_Magn_Reson_Imaging,0,0,0,0,0,1,0
J_Mammal,0,0,0,0,0,1,0
J_Mammary_Gland_Biol_Neoplasia,0,0,0,0,2,2,0
J_Matern_Fetal_Neonatal_Med,0,0,0,0,0,1,0
J_Mater_Sci_Mater_Med,0,0,0,0,0,1,0
J_Med_Biochem,0,0,0,0,0,1,0
J_Med_Case_Rep,0,0,0,0,1,1,0
J_Med_Case_Reports,0,0,0,0,0,1,0
J_Med_Chem,0,0,0,0,1,9,0
J_Med_Entomol,0,0,0,0,0,1,0
J_Med_Genet,0,1,0,0,3,10,6
J_Med_Internet_Res,0,0,0,0,6,1,0
J_Med_Life,0,0,0,0,0,3,0
J_Med_Microbiol,0,3,1,0,1,5,0
J_Med_Signals_Sens,0,0,0,0,3,0,0
J_Med_Virol,0,0,0,0,0,2,0
J_Membr_Biol,0,0,0,0,0,3,0
J_Microbiol_Biol_Educ,0,0,0,0,0,1,0
J_Microbiol_Methods,0,1,0,0,0,2,0
J_Microsc_Ultrastruct,0,0,0,0,0,1,0
JMIR_Med_Inform,0,0,0,0,1,0,0
JMIR_Mhealth_Uhealth,0,0,0,0,2,0,0
JMIR_Public_Health_Surveill,0,0,0,0,1,0,0
JMIR_Rehabil_Assist_Technol,0,0,0,0,1,0,0
JMIR_Res_Protoc,0,0,0,0,1,1,0
JMM_Case_Rep,0,1,0,0,0,3,0
J_Mol_Biol,0,0,2,0,0,9,0
J_Mol_Biomark_Diagn,0,0,0,0,0,1,0
J_Mol_Cell_Biol,1,0,0,0,7,2,0
J_Mol_Cell_Cardiol,0,0,0,0,2,5,0
J_Mol_Diagn,0,0,0,0,0,1,0
J_Mol_Endocrinol,1,0,0,0,2,7,0
J_Mol_Evol,0,1,0,0,0,4,0
J_Mol_Genet_Med,0,0,0,0,0,7,0
J_Mol_Histol,0,0,0,0,1,1,0
J_Mol_Med,0,0,0,0,5,0,0
J_Mol_Med_(Berl),0,0,0,0,0,0,0
J_Mol_Neurosci,0,0,0,0,3,5,1
J_Mol_Psychiatry,0,0,0,0,1,0,0
J_Mol_Signal,0,0,0,0,2,13,0
J_Muscle_Res_Cell_Motil,0,0,0,0,0,2,0
J_Musculoskelet_Neuronal_Interact,0,0,0,0,0,1,0
J_Nanobiotechnology,0,0,0,0,4,16,0
J_Natl_Cancer_Inst,5,0,0,0,12,19,0
J_Nat_Med,0,0,0,0,1,2,0
J_Nat_Prod,0,3,0,0,0,1,0
JNCI_Cancer_Spectr,0,0,0,0,1,0,0
J_Negat_Results_Biomed,0,0,0,0,0,8,0
J_Nephropathol,0,0,0,0,0,1,0
J_Neural_Transm,0,0,0,0,1,2,0
J_Neurochem,1,0,0,0,1,9,0
J_Neurodegener_Dis,0,0,0,0,0,1,0
J_Neurodev_Disord,0,0,0,0,6,2,2
J_Neuroendocrinol,0,0,0,0,2,8,0
J_Neuroeng_Rehabil,0,0,0,0,1,0,0
J_Neurogastroenterol_Motil,0,0,0,0,1,3,0
J_Neurogenet,0,0,0,0,1,1,0
J_Neuroimaging_Psychiatry_Neurol,0,0,0,0,0,1,0
J_Neuroimmune_Pharmacol,0,0,0,0,0,4,0
J_Neuroinflammation,8,1,0,0,37,174,1
J_Neurol,0,0,0,0,3,0,0
J_Neurol_Neurosurg_Psychiatry,0,0,0,0,1,0,1
J_Neurol_Sci,0,0,0,0,1,1,0
J_Neuromuscul_Dis,0,0,0,0,1,0,1
J_Neurooncol,4,0,0,0,4,22,0
J_Neuropathol_Exp_Neurol,0,0,0,0,1,4,0
J_Neurophysiol,0,0,0,0,1,0,0
J_Neurosci,0,0,0,0,3,9,0
J_Neurosci_Res,0,0,0,0,0,2,0
J_Neurovirol,2,0,0,0,1,0,0
J_Nucleic_Acids,0,1,0,0,0,19,0
J_Nurs_Res,0,0,0,0,1,0,0
J_Nutr,0,2,0,0,1,0,0
J_Nutr_Health_Aging,0,0,0,0,1,0,0
J_Nutr_Metab,0,0,0,0,0,8,0
J_Nutr_Sci,0,1,0,0,2,2,0
J_Obes,0,0,0,0,0,2,0
J_Obes_Metab_Syndr,0,0,0,0,0,1,0
J_Obstet_Gynaecol_Res,0,0,0,0,0,1,0
J_Occup_Environ_Med,0,0,0,0,0,1,0
J_Occup_Med_Toxicol,0,0,0,0,0,1,0
J_Ocul_Biol_Dis_Infor,1,0,0,0,3,1,0
J_Oncol,7,0,0,0,4,24,0
J_Oncopathol_Clin_Res,0,0,0,0,0,0,1
J_Open_Res_Softw,0,0,0,0,1,0,0
J_Ophthalmic_Inflamm_Infect,0,0,0,0,0,1,0
J_Ophthalmic_Vis_Res,0,0,0,0,0,1,0
J_Ophthalmol,0,0,0,0,7,11,0
J_Oral_Maxillofac_Pathol,0,0,0,0,0,1,0
J_Oral_Microbiol,2,8,1,1,0,10,0
J_Oral_Pathol_Med,0,0,0,0,0,2,0
J_Orthop_Res,0,0,0,0,1,1,0
J_Orthop_Sci,0,0,0,0,0,2,0
J_Orthop_Surg,0,0,0,0,0,2,0
J_Orthop_Surg_Res,0,0,0,0,12,9,0
J_Orthop_Translat,0,0,0,0,0,2,0
journal_Name,0,0,0,0,0,0,0
J_Ovarian_Res,12,0,0,0,13,47,1
J_Pain_Res,3,0,0,0,0,6,0
J_Parasitol_Res,0,0,0,0,0,9,0
J_Parkinsons_Dis,0,0,0,0,1,0,0
J_Pathog,0,1,0,0,1,5,0
J_Pathol,13,0,1,0,15,26,1
J_Pathol_Clin_Res,2,1,0,0,5,11,0
J_Pathol_Inform,0,0,0,0,0,22,1
J_Pathol_Transl_Med,0,0,0,0,0,8,0
J_Perinatol,0,0,0,0,0,1,0
J_Periodontal_Implant_Sci,0,0,0,0,0,6,0
J_Pers_Med,0,1,0,0,2,7,3
J_Pharmacol_Exp_Ther,0,0,0,0,1,0,0
J_Pharmacopuncture,0,0,0,0,0,4,0
J_Pharm_Anal,0,0,0,0,1,1,0
J_Pharm_Health_Care_Sci,0,0,0,1,0,0,0
J_Phycol,1,1,0,0,0,1,0
J_Phys_Chem_A,0,0,0,0,0,1,0
J_Phys_Chem_B,0,0,0,0,0,1,0
J_Physiol,0,0,0,0,0,10,0
J_Physiol_Anthropol,1,0,0,0,0,4,0
J_Physiol_Sci,0,0,0,0,0,1,0
J_Phys_Ther_Sci,0,0,0,0,8,0,0
J_Pineal_Res,0,0,0,0,0,3,0
J_Plant_Res,0,1,0,0,0,8,0
Jpn_Clin_Med,0,0,0,0,0,1,0
Jpn_J_Clin_Oncol,0,0,0,0,0,1,0
J_Prev_Med_Hyg,0,0,0,0,0,4,0
J_Prev_Med_Public_Health,0,0,0,0,0,1,0
J_Proteome_Res,3,1,1,0,4,13,1
J_Proteomics,0,1,0,0,1,1,0
J_Proteomics_Bioinform,0,0,0,0,3,0,0
J_Public_Health_Africa,0,0,0,0,1,0,0
J_Radiat_Res,1,0,0,0,6,11,0
J_Renin_Angiotensin_Aldosterone_Syst,0,0,0,0,1,7,0
J_Reprod_Dev,1,2,0,1,4,56,0
J_Reprod_Infertil,0,0,0,0,0,1,0
J_Res_Med_Sci,0,0,0,0,2,4,0
J_Res_Natl_Inst_Stand_Technol,0,0,0,0,0,2,0
J_RNAi_Gene_Silencing,0,0,0,0,1,14,0
JRSM_Cardiovasc_Dis,0,0,0,0,0,1,0
J_R_Soc_Interface,1,0,1,0,4,5,0
J_R_Stat_Soc_Series_B_Stat_Methodol,0,0,0,0,0,1,0
J_Rural_Med,0,0,0,0,3,0,0
J_S_Afr_Vet_Assoc,0,1,0,0,0,2,0
J_Sci_Food_Agric,0,1,0,0,0,0,0
J_Signal_Transduct,0,0,0,0,0,6,0
J_Skin_Cancer,0,0,0,0,1,2,0
JSLS,0,0,0,0,1,0,0
J_Smooth_Muscle_Res,0,0,0,0,1,0,0
J_Stem_Cells_Regen_Med,0,0,0,0,1,5,0
J_Steroid_Biochem_Mol_Biol,0,0,0,0,1,0,0
J_Struct_Biol,0,0,0,0,0,1,0
J_Struct_Funct_Genomics,0,0,0,0,1,3,0
J_Synchrotron_Radiat,0,0,0,0,0,1,0
J_Thorac_Oncol,1,0,0,0,0,0,0
J_Thromb_Haemost,0,0,0,0,1,2,1
J_Thromb_Thrombolysis,0,0,0,0,0,1,0
J_Thyroid_Res,0,0,0,0,0,1,0
J_Tissue_Eng,0,0,0,0,0,7,0
J_Tissue_Eng_Regen_Med,0,0,0,0,0,5,0
J_Toxicol,0,0,0,0,0,3,0
J_Toxicol_Pathol,0,0,0,0,0,2,0
J_Tradit_Complement_Med,0,0,0,0,0,1,0
J_Transl_Med,50,5,0,0,101,178,2
J_Transplant,0,0,0,0,0,3,0
J_Trop_Med,0,0,0,0,0,7,0
Jundishapur_J_Microbiol,0,0,0,0,0,53,0
J_Urban_Health,0,0,0,0,1,0,0
J_Urol,1,0,0,0,0,0,0
J_Venom_Anim_Toxins_Incl_Trop_Dis,0,1,1,0,0,4,0
J_Venom_Res,0,1,0,0,0,1,0
J_Vet_Intern_Med,2,6,0,0,1,8,0
J_Vet_Med,0,0,0,0,0,2,0
J_Vet_Med_Sci,0,1,0,4,5,114,0
J_Vet_Res,0,0,0,0,1,9,0
J_Vet_Sci,1,1,0,0,2,23,0
J_Viral_Hepat,1,0,0,0,0,2,0
J_Virol,9,15,2,0,14,89,0
J_Virol_Methods,0,0,0,0,0,5,0
J_Virus_Erad,0,0,0,0,1,2,0
J_Vis_Exp,0,1,0,0,5,25,0
J_Xenobiot,0,0,0,0,0,1,0
Kardiochir_Torakochirurgia_Pol,0,0,0,0,0,1,0
Kidney_Blood_Press_Res,0,0,0,0,0,1,0
Kidney_Cancer,0,0,0,0,0,7,0
Kidney_Int,1,0,0,0,6,9,0
Kidney_Int_Rep,0,1,0,0,0,0,1
Kidney_Res_Clin_Pract,1,0,0,0,0,2,0
Kinetoplastid_Biol_Dis,0,0,0,0,0,2,0
Knee_Surg_Sports_Traumatol_Arthrosc,0,0,0,0,0,1,0
Korean_Circ_J,0,0,0,0,0,4,0
Korean_J_Anesthesiol,0,0,0,0,0,1,0
Korean_J_Food_Sci_Anim_Resour,0,0,1,0,0,11,0
Korean_J_Intern_Med,0,0,0,0,0,7,0
Korean_J_Lab_Med,0,0,0,0,0,2,0
Korean_J_Ophthalmol,0,0,0,0,0,1,0
Korean_J_Parasitol,0,0,0,0,1,43,0
Korean_J_Pediatr,0,0,0,0,0,1,0
Korean_J_Physiol_Pharmacol,0,0,0,0,1,11,0
Korean_J_Radiol,0,0,0,0,0,2,0
Korean_J_Urol,0,0,0,0,1,2,0
Lab_Anim_Res,0,0,0,0,1,11,0
Lab_Invest,5,1,0,0,4,19,0
Lancet,0,0,2,0,0,0,0
Lancet_Gastroenterol_Hepatol,0,0,1,0,0,1,0
Lancet_Glob_Health,0,0,0,0,1,0,0
Lancet_Infect_Dis,0,2,1,0,0,1,0
Lancet_Oncol,0,0,0,0,2,1,0
Lancet_Respir_Med,0,1,1,0,3,0,3
Langmuir,0,0,0,0,0,1,0
Laryngorhinootologie,0,0,0,0,0,2,0
Laryngoscope_Investig_Otolaryngol,0,0,0,0,0,4,0
Lasers_Med_Sci,0,0,0,0,1,2,0
Lett_Appl_Microbiol,0,0,0,0,0,1,0
Leukemia,23,7,2,0,82,24,3
Leuk_Lymphoma,0,0,0,0,1,0,0
Leuk_Res_Rep,0,0,0,0,1,0,0
Libyan_J_Med,0,0,0,0,0,3,0
Life_(Basel),0,0,0,0,0,0,0
Life_Sci,0,0,0,0,0,1,0
Life_Sci_Alliance,12,5,1,0,32,15,3
Life_Sci_Space_Res_(Amst),0,0,0,0,0,0,0
Limnol_Oceanogr_Methods,0,1,0,0,0,0,0
Lipids,0,0,0,0,0,3,0
Lipids_Health_Dis,2,2,0,0,18,79,1
Liver_Int,1,0,0,0,1,1,0
Longev_Healthspan,0,0,0,0,0,1,0
Luminescence,0,0,0,0,0,1,0
Lung_Cancer_(Auckl),0,0,0,0,0,0,0
Lung_Cancer_Int,0,0,0,0,1,0,0
Lung_Cancer_Manag,1,0,0,0,0,0,0
Lupus_(Los_Angel),0,0,0,0,0,0,0
Lupus_Sci_Med,0,0,0,0,1,1,0
MAbs,0,0,0,0,1,8,0
Malar_J,6,8,5,0,17,151,0
Malawi_Med_J,0,0,0,0,1,1,0
Mamm_Genome,1,2,0,0,10,8,0
Mar_Biodivers,0,0,0,0,0,2,0
Mar_Biol,0,0,0,0,0,4,0
Mar_Biotechnol_(NY),0,0,0,0,0,0,0
Mar_Drugs,8,23,1,0,6,111,0
Mar_Environ_Res,0,1,0,0,0,0,0
Mar_Genomics,0,1,1,0,0,0,0
Materials_(Basel),0,0,0,0,0,0,0
Mater_Sociomed,0,0,0,0,1,0,0
Matrix_Biol,0,0,0,0,0,3,0
Maxillofac_Plast_Reconstr_Surg,0,0,0,0,0,1,0
Mayo_Clin_Proc_Innov_Qual_Outcomes,0,0,0,0,1,0,0
mBio,55,265,29,0,148,241,2
Mech_Dev,0,1,0,0,0,1,0
Medchemcomm,0,1,0,0,0,0,0
Med_Chem_Res,0,0,0,0,0,1,0
Med_Educ_Online,0,0,0,0,1,0,0
Med_Epigenet,0,0,0,0,0,1,0
Med_Gas_Res,0,0,0,0,0,2,0
Med_Health_Care_Philos,0,0,0,0,1,0,0
Mediators_Inflamm,0,2,0,0,23,136,0
Medicina_(Kaunas),0,0,0,0,0,0,0
Medicine_(Baltimore),0,0,0,0,0,0,0
Medicines_(Basel),0,0,0,0,0,0,0
Mediterr_J_Hematol_Infect_Dis,0,0,0,0,0,5,0
Med_J_Islam_Repub_Iran,0,0,0,0,0,7,0
Med_Microbiol_Immunol,0,0,0,0,0,3,0
Med_Mycol_Case_Rep,0,0,0,0,0,2,0
Med_Oncol,0,0,0,0,3,5,0
Med_Oral_Patol_Oral_Cir_Bucal,0,0,0,0,0,1,0
Med_Princ_Pract,0,0,0,0,0,1,0
Med_Sci_(Basel),0,0,0,0,0,0,0
Med_Sci_Monit,45,2,0,0,50,189,1
Med_Sci_Monit_Basic_Res,0,0,0,0,2,9,0
Med_Sci_Sports_Exerc,0,0,0,0,0,0,1
Melanoma_Res,1,0,0,0,3,0,0
Membranes_(Basel),0,0,0,0,0,0,0
Mem_Inst_Oswaldo_Cruz,1,10,0,0,0,54,1
Memo,0,0,0,0,0,3,0
Metab_Brain_Dis,1,0,0,0,0,0,0
Metab_Eng,0,0,0,0,0,1,0
Metab_Eng_Commun,1,2,0,0,0,15,0
Metabolites,0,0,0,0,5,10,0
Metabolomics,0,0,0,0,4,2,0
Metab_Syndr_Relat_Disord,0,0,0,0,0,1,0
Meta_Gene,1,1,0,0,1,19,1
Metallomics,0,0,0,0,0,1,0
Methods,0,1,0,0,2,8,0
Methods_Appl_Fluoresc,0,0,0,0,0,1,0
Methods_Ecol_Evol,1,1,0,0,0,1,0
Methods_Inf_Med,0,0,0,0,0,1,0
Methods_Protoc,0,0,0,0,0,2,0
MethodsX,0,0,0,0,1,6,0
Microarrays_(Basel),0,0,0,0,0,0,0
Microb_Biotechnol,7,38,2,0,18,53,0
Microb_Cell,1,1,0,0,7,11,0
Microb_Cell_Fact,16,21,1,0,31,366,0
Microb_Drug_Resist,0,1,0,0,0,5,0
Microb_Ecol,0,16,2,0,0,7,0
Microb_Ecol_Health_Dis,0,0,0,0,1,0,0
Microbes_Environ,6,19,2,35,3,31,0
Microb_Genom,30,66,31,1,8,1,0
Microb_Inform_Exp,0,2,1,0,0,0,0
Microbiol_Insights,0,0,0,0,0,4,0
Microbiology,5,1,1,0,9,46,0
Microbiologyopen,7,73,5,2,17,83,0
Microbiol_Resour_Announc,12,626,28,41,3,7,0
Microbiome,27,317,27,2,5,12,1
Micromachines_(Basel),0,0,0,0,0,0,0
Microorganisms,4,34,6,1,7,18,0
Microrna,0,0,0,0,1,0,0
Microsc_Res_Tech,0,0,0,0,0,1,0
Microsyst_Nanoeng,0,0,0,0,0,1,0
Middle_East_J_Dig_Dis,0,0,0,0,0,1,0
Mil_Med_Res,0,0,0,0,0,1,0
Mitochondrion,0,0,0,0,0,2,0
MMWR_Morb_Mortal_Wkly_Rep,0,1,0,0,0,0,0
MNI_Open_Res,0,0,0,0,0,1,0
Mob_DNA,4,18,0,0,5,28,1
Mob_Genet_Elements,1,0,0,0,0,5,0
Mod_Pathol,3,0,0,0,3,10,0
Mol_Autism,2,1,0,0,18,10,3
Mol_Biochem_Parasitol,0,0,0,0,0,9,0
Mol_Biol_Cell,22,6,0,0,40,366,1
Mol_Biol_Evol,28,118,6,2,26,21,12
Mol_Biol_Int,1,0,0,0,1,6,0
Mol_Biol_(Los_Angel),0,0,0,0,0,0,0
Mol_Biol_Rep,1,0,0,0,3,19,0
Mol_Biol_Res_Commun,0,0,0,0,0,3,0
Mol_Biosyst,0,0,0,0,2,0,0
Mol_Biotechnol,0,0,0,0,0,4,0
Mol_Brain,4,2,0,0,16,33,0
Mol_Breed,0,3,0,0,0,16,0
Mol_Cancer,91,3,0,0,134,303,0
Mol_Cancer_Ther,0,0,0,0,1,0,0
Mol_Carcinog,3,0,0,0,4,7,0
Mol_Cell,20,6,2,0,71,27,0
Mol_Cell_Biochem,0,0,0,0,2,9,0
Mol_Cell_Biol,6,0,0,0,10,19,0
Mol_Cell_Endocrinol,0,0,0,0,2,2,0
Mol_Cell_Neurosci,0,0,0,0,0,4,0
Mol_Cell_Oncol,0,0,0,0,0,17,0
Mol_Cell_Pediatr,0,0,0,0,0,1,0
Mol_Cell_Probes,0,0,0,0,0,1,0
Mol_Cell_Proteomics,2,1,2,0,15,15,0
Mol_Cells,4,5,0,0,19,67,0
Mol_Clin_Oncol,1,0,0,0,2,6,0
Mol_Cytogenet,1,1,0,0,7,18,2
Mol_Diagn_Ther,0,0,0,0,0,4,0
Mol_Ecol,8,40,7,0,1,4,0
Mol_Ecol_Resour,2,9,2,0,0,2,0
Molecules,17,46,1,1,32,262,0
Mol_Endocrinol,0,0,0,0,3,4,0
Mol_Genet_Genomic_Med,5,3,1,0,5,31,6
Mol_Genet_Genomics,1,4,0,0,4,14,0
Mol_Genet_Metab,0,0,0,0,0,3,0
Mol_Genet_Metab_Rep,0,0,0,0,1,4,2
Mol_Hum_Reprod,1,0,0,0,7,3,0
Mol_Imaging_Biol,0,0,0,0,0,1,0
Mol_Imaging_Radionucl_Ther,0,0,0,0,0,1,0
Mol_Immunol,1,0,0,0,0,4,0
Mol_Med,2,0,0,0,6,8,1
Mol_Med_Rep,75,4,0,0,239,479,0
Mol_Metab,8,1,1,0,54,30,5
Mol_Microbiol,6,2,3,0,18,79,0
Mol_Neurobiol,3,0,0,0,15,19,0
Mol_Neurodegener,3,1,0,0,26,42,5
Mol_Nutr_Food_Res,0,0,0,0,7,5,0
Mol_Oncol,38,1,0,0,36,97,1
Mol_Oral_Microbiol,0,0,0,0,1,0,0
Mol_Pain,1,0,0,0,6,38,0
Mol_Pharm,0,0,0,0,0,3,0
Mol_Pharmacol,0,0,0,0,1,4,0
Mol_Phylogenet_Evol,0,1,0,0,0,2,0
Mol_Plant,2,1,0,0,0,8,0
Mol_Plant_Pathol,2,2,0,0,0,2,0
Mol_Psychiatry,5,1,0,0,28,12,28
Mol_Reprod_Dev,0,0,0,0,1,3,0
Mol_Syst_Biol,43,16,5,0,137,43,2
Mol_Ther,3,2,0,0,10,22,0
Mol_Ther_Methods_Clin_Dev,0,4,0,0,7,55,0
Mol_Ther_Nucleic_Acids,26,8,0,0,36,121,2
Mol_Ther_Oncolytics,7,0,0,0,5,17,0
Mol_Vis,11,4,0,0,46,231,2
Mov_Disord,0,1,0,0,1,0,0
Mov_Ecol,0,0,0,0,3,0,0
mSphere,31,124,12,8,37,74,0
mSystems,20,95,15,1,34,7,1
Mucosal_Immunol,3,4,0,0,22,25,0
Multidiscip_Respir_Med,0,0,0,0,2,0,0
Mult_Scler,0,0,0,0,0,1,1
Mult_Scler_Relat_Disord,0,0,0,0,1,0,0
Muscle_Nerve,0,0,0,0,2,1,0
Mutagenesis,0,0,0,0,1,1,0
Mutat_Res,0,0,0,0,1,0,0
Mycobiology,0,3,0,0,2,14,0
MycoKeys,0,3,0,0,0,2,0
Mycology,0,2,0,0,0,3,0
Mycol_Prog,0,1,0,0,0,1,0
Mycopathologia,0,0,0,0,1,1,0
Mycorrhiza,0,0,0,0,0,1,0
Nagoya_J_Med_Sci,0,0,0,1,0,5,0
N_Am_J_Med_Sci,0,0,0,0,0,1,0
Nanobiomedicine_(Rij),0,0,0,0,0,0,0
Nano_Lett,0,0,0,0,0,1,0
Nanomaterials_(Basel),0,0,0,0,0,0,0
Nanoscale_Res_Lett,0,1,0,0,0,7,0
Nanotheranostics,0,0,0,0,0,1,0
Nanotoxicology,0,0,0,0,4,0,0
Nat_Biomed_Eng,1,2,0,0,5,1,0
Nat_Biotechnol,23,26,2,0,45,24,0
Nat_Cell_Biol,34,4,1,0,73,71,0
Nat_Chem_Biol,4,10,1,1,16,37,0
Nat_Clim_Chang,0,1,0,0,0,0,0
Nat_Commun,854,620,64,25,1561,1063,144
Nat_Ecol_Evol,2,18,1,0,4,2,2
Nat_Genet,80,33,11,2,122,52,53
Nat_Immunol,28,11,0,0,140,28,0
Nat_Mater,0,0,0,0,2,2,0
Nat_Med,35,16,1,0,91,60,0
Nat_Metab,3,0,0,0,0,0,0
Nat_Methods,28,31,4,0,63,27,1
Nat_Microbiol,9,17,1,0,8,14,0
Nat_Nanotechnol,0,0,0,0,0,1,0
Nat_Neurosci,20,1,0,0,60,40,7
Nat_Phys,0,0,0,0,1,0,0
Nat_Plants,0,2,0,0,6,0,0
Nat_Prod_Bioprospect,0,0,0,0,0,2,0
Nat_Sci_Sleep,0,0,0,0,0,1,0
Nat_Struct_Mol_Biol,12,7,2,0,69,39,0
Nature,188,83,10,0,370,241,9
Naturwissenschaften,0,0,0,0,0,1,0
Naunyn_Schmiedebergs_Arch_Pharmacol,0,0,0,0,0,2,0
N_Biotechnol,0,0,0,0,0,1,0
N_Engl_J_Med,0,1,0,0,0,0,1
Neoplasia,22,3,0,0,42,82,1
Nephrol_Dial_Transplant,0,0,0,0,1,2,0
Neural_Dev,3,1,0,0,5,23,0
Neural_Develop,0,0,0,0,1,7,0
Neural_Plast,0,0,0,0,8,8,1
Neural_Regen_Res,0,0,0,0,5,2,0
Neurobiol_Aging,0,0,0,0,3,3,0
Neurobiol_Dis,0,0,0,0,3,7,0
Neurobiol_Learn_Mem,0,0,0,0,0,1,0
Neurobiol_Stress,0,0,0,0,0,1,0
Neurochem_Res,0,0,0,0,1,3,0
Neurogastroenterol_Motil,0,0,0,0,0,1,0
Neurogenesis_(Austin),0,0,0,0,0,0,0
Neurogenetics,1,1,0,0,2,1,1
Neuroimage,0,0,0,0,1,0,0
Neuroimage_Clin,0,0,0,0,1,4,0
Neuroinformatics,0,0,0,0,1,1,0
Neurol_Genet,0,0,0,0,3,3,2
Neurol_Med_Chir_(Tokyo),0,0,0,0,0,0,0
Neurol_Neuroimmunol_Neuroinflamm,0,1,0,0,0,1,0
Neurology,0,0,0,0,0,0,4
Neurol_Res_Int,0,0,0,0,0,1,0
Neurol_Sci,0,0,0,0,0,2,0
Neurol_Ther,0,0,0,0,2,0,0
Neuromolecular_Med,0,0,0,0,1,1,0
Neuron,6,0,1,0,8,8,0
Neuro_Oncol,3,0,0,0,0,12,1
Neuropathol_Appl_Neurobiol,0,0,0,0,2,0,0
Neuropeptides,0,0,0,0,0,1,0
Neuropsychiatr_Dis_Treat,1,0,0,0,4,10,0
Neuropsychol_Rev,0,0,0,0,1,0,0
Neuropsychopharmacology,1,1,0,0,4,1,0
Neuroradiology,0,0,0,0,1,1,0
Neuroreport,0,0,0,0,0,2,0
Neurosci_Bull,0,0,0,0,0,1,0
Neuroscience,0,0,0,0,1,3,0
Neurosci_Lett,0,0,0,0,0,1,0
Neurosurgery,0,0,0,0,0,2,0
Neurotherapeutics,0,0,0,0,0,1,0
Neurotox_Res,0,1,0,0,0,1,0
New_Microbes_New_Infect,0,4,1,2,0,10,0
New_Phytol,6,32,2,1,12,12,0
Nicotine_Tob_Res,1,0,0,0,0,0,0
NMC_Case_Rep_J,0,0,0,0,0,1,0
Noncoding_RNA,7,1,0,0,10,15,0
Noncoding_RNA_Res,0,0,0,0,1,4,0
NPJ_Aging_Mech_Dis,2,0,0,0,7,5,1
NPJ_Biofilms_Microbiomes,2,20,1,1,3,0,0
NPJ_Breast_Cancer,12,3,0,0,12,21,0
NPJ_Digit_Med,0,0,0,0,1,2,0
NPJ_Genom_Med,6,6,0,0,8,10,4
NPJ_Microgravity,0,2,0,1,7,0,0
NPJ_Parkinsons_Dis,0,0,0,0,1,0,2
NPJ_Precis_Oncol,4,0,0,0,3,15,0
NPJ_Regen_Med,2,0,0,0,3,2,0
NPJ_Schizophr,0,0,0,0,5,2,2
NPJ_Syst_Biol_Appl,7,3,0,0,21,9,1
NPJ_Vaccines,1,2,1,0,1,6,0
Nucleic_Acids_Res,414,299,34,30,1127,1915,76
Nucleic_Acid_Ther,0,0,0,0,0,3,0
Nucleosides_Nucleotides_Nucleic_Acids,0,0,0,0,0,1,0
Nucleus,1,0,0,0,7,12,0
Nucl_Recept,0,0,0,0,1,2,0
Nucl_Receptor_Res,0,0,0,0,1,0,0
Nucl_Recept_Signal,2,0,0,0,9,1,0
Nutr_Diabetes,0,0,0,0,3,9,0
Nutrients,3,20,2,3,46,119,3
Nutr_J,0,1,0,0,3,1,0
Nutr_Metab_Insights,0,0,0,0,0,2,0
Nutr_Metab_(Lond),0,0,0,0,0,0,0
Nutr_Neurosci,0,0,0,0,1,0,0
Nutr_Res_Pract,0,0,0,0,1,6,0
N_Z_Vet_J,0,0,0,0,1,0,0
Obes_Facts,0,0,0,0,1,1,0
Obesity_(Silver_Spring),0,0,0,0,0,0,0
Obstet_Gynecol_Int,0,0,0,0,1,5,0
Obstet_Gynecol_Sci,0,0,0,0,0,1,0
Occup_Environ_Med,0,0,0,0,0,0,1
Odontology,0,0,0,0,0,1,0
Oecologia,0,1,0,0,0,3,0
OMICS,1,1,0,0,3,0,0
Oncogene,115,1,1,0,204,345,0
Oncogenesis,33,1,0,0,48,99,0
Oncoimmunology,16,0,0,0,28,50,0
Oncol_Hematol_Rev,0,0,0,0,0,1,0
Oncol_Lett,84,1,0,0,162,498,1
Oncologist,0,0,0,0,0,4,0
Oncol_Rep,42,0,0,0,40,187,1
Oncol_Ther,0,0,0,0,0,1,0
Oncolytic_Virother,0,0,0,0,0,3,0
Oncoscience,5,0,0,0,8,32,1
Oncotarget,802,43,4,6,1321,3053,33
Onco_Targets_Ther,74,5,0,0,73,317,1
Onderstepoort_J_Vet_Res,0,0,0,0,0,6,0
One_Health,0,0,0,0,0,2,0
Online_J_Public_Health_Inform,0,0,0,0,2,0,0
Open_Access_Maced_J_Med_Sci,0,0,0,0,1,10,0
Open_Biochem_J,0,0,0,0,0,8,0
Open_Biol,7,18,1,0,24,58,2
Open_Biomed_Eng_J,0,0,0,0,0,1,0
Open_Bone_J,0,0,0,0,0,1,0
Open_Cardiovasc_Med_J,0,0,0,0,0,2,0
Open_Dent_J,0,0,0,0,0,1,0
Open_Forum_Infect_Dis,0,12,0,1,2,13,0
Open_J_Anim_Sci,0,0,0,0,0,1,0
Open_Med,0,0,0,0,1,0,0
Open_Med_(Wars),0,0,0,0,0,0,0
Open_Microbiol_J,0,0,0,0,0,24,0
Open_Neurol_J,0,0,0,0,1,1,1
Open_Ophthalmol_J,0,0,0,0,1,1,0
Open_Orthop_J,0,0,0,0,1,1,0
Open_Rheumatol_J,0,0,0,0,0,1,0
Open_Vet_J,0,0,0,0,0,10,0
Open_Virol_J,0,0,0,0,2,8,0
Ophthalmol_Eye_Dis,0,0,0,0,1,1,0
Ophthalmol_Ther,0,0,0,0,2,0,0
Oral_Oncol,1,0,0,0,0,0,0
Organogenesis,0,0,0,0,2,1,0
Orphanet_J_Rare_Dis,1,0,0,0,11,8,1
Orthop_J_Sports_Med,0,0,0,0,0,1,0
Osong_Public_Health_Res_Perspect,0,0,0,0,0,15,0
Osteoarthritis_Cartilage,0,0,0,0,3,2,0
Oxid_Med_Cell_Longev,6,0,0,0,22,152,0
Pac_Symp_Biocomput,2,0,1,0,2,4,8
Pain,0,0,0,0,4,2,2
Pain_Res_Manag,0,0,0,0,0,3,0
Pak_J_Med_Sci,0,0,0,0,0,9,0
Pan_Afr_Med_J,0,0,0,0,1,6,0
Pancreas,0,0,0,0,2,1,0
Papillomavirus_Res,1,3,0,0,1,0,0
Parasite,0,3,0,0,0,31,0
Parasite_Immunol,0,0,0,0,0,1,0
Parasitol_Int,0,0,0,0,0,2,0
Parasitology,1,0,0,0,2,3,0
Parasitol_Res,0,0,0,0,0,16,0
Parasit_Vectors,10,77,5,0,31,254,0
Parkinsons_Dis,0,0,0,0,6,2,0
Part_Fibre_Toxicol,2,1,0,0,16,12,0
Pathobiol_Aging_Age_Relat_Dis,0,0,0,0,0,1,0
Pathog_Dis,0,3,1,0,0,1,0
Pathogenetics,1,0,0,0,1,1,0
Pathogens,1,8,0,0,3,16,0
Pathog_Glob_Health,0,0,0,0,0,2,0
Pathog_Immun,1,1,0,0,1,0,0
Pathol_Int,0,0,0,0,1,1,0
Patholog_Res_Int,0,0,0,0,1,1,0
Pathol_Oncol_Res,2,0,0,0,1,2,0
Patient_Prefer_Adherence,0,0,0,0,0,1,0
Patient_Saf_Surg,0,0,0,0,1,0,0
Pediatr_Dermatol,0,0,0,0,0,1,0
Pediatr_Investig,0,0,0,0,0,1,0
Pediatr_Res,0,1,0,0,5,3,1
Pediatr_Rheumatol_Online_J,0,0,0,0,2,2,0
Peerj,0,1,1,0,2,4,0
PeerJ,117,418,27,2,127,254,7
Peptides,0,0,0,0,0,1,0
Per_Med,0,0,0,0,0,2,0
Persoonia,0,1,0,0,0,13,0
Pestic_Biochem_Physiol,0,1,0,0,0,2,0
Pest_Manag_Sci,0,0,0,0,0,4,0
Pflugers_Arch,0,0,0,0,0,14,0
Pharmaceuticals_(Basel),0,0,0,0,0,0,0
Pharmaceutics,0,0,0,0,2,5,0
Pharmacogenet_Genomics,0,0,0,0,2,1,1
Pharmacogenomics,0,0,0,0,0,1,0
Pharmacogenomics_J,2,1,0,0,14,1,6
Pharmacogn_Mag,0,0,0,0,0,10,0
Pharmacognosy_Res,0,0,0,0,0,2,0
Pharmacol_Res,0,0,0,0,0,1,0
Pharmacol_Res_Perspect,0,0,0,0,8,13,0
Pharmacol_Rev,1,0,0,0,0,0,0
Pharmacy_(Basel),0,0,0,0,0,0,0
Pharm_Biol,0,1,0,0,0,7,0
Pharmgenomics_Pers_Med,0,0,0,0,0,9,0
Pharm_Res,0,0,0,0,0,2,0
Philos_Trans_R_Soc_Lond_B_Biol_Sci,0,6,5,0,4,6,0
Photochem_Photobiol,0,0,0,0,0,1,0
Photosynth_Res,0,0,0,0,0,6,0
Physiol_Genomics,1,0,0,0,4,1,0
Physiol_Mol_Plant_Pathol,0,0,0,0,0,1,0
Physiol_Plant,0,0,0,0,1,2,0
Physiol_Rep,7,3,0,1,34,105,2
Phytochemistry,0,1,0,0,0,2,0
PhytoKeys,0,1,0,0,1,5,0
Phytother_Res,0,0,0,0,0,1,0
Pigment_Cell_Melanoma_Res,0,0,0,0,0,3,0
Pilot_Feasibility_Stud,0,0,0,0,3,0,0
Placenta,0,0,0,0,1,1,0
Planta,1,3,0,0,4,23,0
Plant_Biol_(Stuttg),0,0,0,0,0,0,0
Plant_Biotechnol_J,7,62,3,1,29,37,0
Plant_Cell_Environ,0,0,0,0,3,3,0
Plant_Cell_Physiol,9,4,1,1,11,19,0
Plant_Cell_Rep,0,2,0,0,3,14,0
Plant_Cell_Tissue_Organ_Cult,0,0,0,0,0,1,0
Plant_Direct,3,15,0,0,13,10,0
Plant_Divers,1,3,0,0,0,7,0
Plant_J,4,9,5,0,19,20,0
Plant_Methods,5,14,0,1,10,64,0
Plant_Mol_Biol,7,6,0,0,11,25,0
Plant_Mol_Biol_Report,1,2,0,0,1,11,0
Plant_Pathol,0,1,0,0,0,0,0
Plant_Pathol_J,2,5,0,0,2,59,0
Plant_Physiol_Biochem,0,0,0,0,1,0,0
Plant_Reprod,0,1,0,0,1,2,0
Plants_(Basel),0,0,0,0,0,0,0
Plant_Signal_Behav,0,1,0,0,3,12,0
Plant_Soil,1,0,0,0,0,1,0
Plasmid,0,0,0,0,0,2,0
Plast_Reconstr_Surg_Glob_Open,0,0,0,0,1,1,0
Plast_Surg_Int,0,0,0,0,0,1,0
PLoS_Biol,62,49,9,2,167,231,2
PLoS_Comput_Biol,69,46,16,1,194,109,11
PLoS_Curr,0,5,1,0,0,4,0
PLoS_Genet,307,279,48,12,925,682,78
PLoS_Med,9,4,1,0,34,29,2
PLoS_Negl_Trop_Dis,31,110,28,3,91,350,3
PLoS_One,1521,3267,257,174,6280,10893,98
PLoS_Pathog,106,117,22,2,304,746,0
Polymers_(Basel),0,0,0,0,0,0,0
Popul_Health_Metr,0,0,0,0,1,0,0
Porcine_Health_Manag,0,0,0,0,0,2,0
Postepy_Dermatol_Alergol,0,0,0,0,0,2,0
Poult_Sci,1,0,0,0,0,10,0
PPAR_Res,0,0,0,0,10,26,0
Pract_Lab_Med,0,0,0,0,1,2,0
Precis_Clin_Med,0,0,0,0,0,1,0
Prenat_Diagn,0,0,0,0,0,2,0
Prev_Chronic_Dis,0,0,0,0,1,0,0
Prev_Nutr_Food_Sci,0,0,0,0,0,5,0
Prion,0,0,0,0,0,2,0
Proc_Biol_Sci,3,20,1,0,3,6,0
Processes_(Basel),0,0,0,0,0,0,0
Proc_Jpn_Acad_Ser_B_Phys_Biol_Sci,2,0,0,0,3,2,0
Proc_Math_Phys_Eng_Sci,0,0,0,0,0,1,0
Proc_Natl_Acad_Sci_U_S_A,45,111,6,3,129,45,7
Prog_Biomater,0,0,0,0,0,1,0
Prog_Biophys_Mol_Biol,0,0,0,0,0,1,0
Prog_Neuropsychopharmacol_Biol_Psychiatry,0,0,0,0,0,1,0
Prog_Orthod,0,0,0,1,0,0,0
Prostate,3,0,0,0,0,2,0
Prostate_Cancer,0,0,0,0,1,1,0
Prostate_Cancer_Prostatic_Dis,0,0,0,0,2,3,0
Prostate_Int,0,0,0,0,0,3,0
Protein_Cell,6,3,0,0,16,28,0
Protein_Eng_Des_Sel,0,0,0,0,0,4,0
Protein_Expr_Purif,0,0,0,0,0,7,0
Protein_J,0,0,0,0,0,3,0
Protein_Pept_Lett,0,0,0,0,1,1,0
Proteins,0,0,0,0,0,1,0
Protein_Sci,0,0,0,0,1,3,0
Proteomes,0,2,0,0,2,5,1
Proteome_Sci,0,2,0,0,3,17,0
Proteomics,0,2,0,0,3,3,1
Proteomics_Clin_Appl,0,0,0,0,0,1,2
Protist,0,0,1,0,1,0,0
Protoplasma,0,1,0,0,0,6,0
Prz_Menopauzalny,0,0,0,0,0,2,0
Psychiatr_Genet,0,0,0,0,1,0,0
Psychiatry_Investig,0,0,0,0,3,3,0
Psychiatry_J,0,0,0,0,1,0,0
Psychol_Med,0,0,0,0,3,1,0
Psychoneuroendocrinology,0,0,0,0,0,1,0
Psychopharmacology_(Berl),0,0,0,0,0,0,0
Psychosoc_Med,0,0,0,0,2,0,0
Psychosom_Med,0,1,0,0,0,0,0
Pulm_Circ,0,0,0,0,4,3,1
Pulm_Med,0,0,0,0,0,1,0
Purinergic_Signal,0,0,0,0,0,4,0
Q_J_R_Meteorol_Soc,0,0,0,0,1,0,0
Qual_Life_Res,0,0,0,0,5,0,0
Radiat_Environ_Biophys,0,0,0,0,0,1,0
Radiat_Oncol,2,0,0,0,7,12,0
Radiologe,0,0,0,0,0,1,0
Radiology,0,0,0,0,0,1,0
Radiol_Oncol,0,0,0,0,0,7,0
Rambam_Maimonides_Med_J,0,0,0,0,0,1,0
Rare_Cancers_Ther,0,0,0,0,0,1,0
Rare_Dis,0,0,0,0,1,0,0
Redox_Biol,7,2,0,0,17,66,1
Redox_Rep,0,0,0,0,0,1,0
Regen_Biomater,0,0,0,0,0,2,0
Regeneration_(Oxf),0,0,0,0,0,0,0
Regen_Ther,1,0,0,0,2,7,0
Ren_Fail,0,0,0,0,2,5,0
Reprod_Biol_Endocrinol,9,1,0,1,30,100,0
Reprod_Health,0,0,0,0,1,0,0
Reprod_Med_Biol,0,0,0,1,1,1,0
Reproduction,0,2,0,0,3,6,0
Res_Lett_Biochem,0,0,0,0,0,1,0
Res_Microbiol,0,1,0,0,0,0,0
Res_Pharm_Sci,0,0,0,0,0,7,0
Respir_Med_Case_Rep,0,0,0,0,0,1,0
Respir_Res,11,3,0,0,49,76,5
Res_Rep_Urol,0,0,0,0,0,2,0
Results_Immunol,1,0,0,0,1,0,0
Retrovirology,4,11,2,3,16,165,0
Rev_Bras_Hematol_Hemoter,0,0,0,0,0,3,0
Rev_Inst_Med_Trop_Sao_Paulo,0,0,0,0,0,12,0
Rev_Med_Microbiol,0,0,0,0,0,1,0
Rev_Saude_Publica,0,0,0,0,6,0,0
Rheumatol_Int,0,0,0,0,0,1,0
Rheumatology_(Oxford),0,0,0,0,0,0,0
Rice_(N_Y),0,0,0,0,0,0,0
Risk_Manag_Healthc_Policy,0,0,0,0,1,0,0
RMD_Open,0,0,0,0,0,1,0
RNA_Biol,9,8,0,0,23,36,1
RSC_Adv,0,0,0,0,1,2,0
R_Soc_Open_Sci,4,32,4,2,7,19,0
S_Afr_J_Psychiatr,0,0,0,0,1,0,0
SAHARA_J,0,0,0,0,3,0,0
Saline_Systems,0,0,0,0,0,6,0
Sarcoma,1,0,0,0,5,3,0
Saudi_J_Gastroenterol,1,0,0,0,2,3,0
Saudi_J_Med_Med_Sci,0,0,0,0,0,1,0
Saudi_Med_J,1,0,0,0,0,1,0
Scand_J_Gastroenterol,0,0,0,0,1,0,0
Scand_J_Med_Sci_Sports,0,0,0,0,0,1,0
Scand_J_Trauma_Resusc_Emerg_Med,0,0,0,0,0,1,0
Scanning,0,0,0,0,1,0,0
Schizophr_Bull,0,0,0,0,3,1,0
Schizophr_Res,0,0,0,0,1,1,0
Sci_Adv,35,56,4,3,44,64,2
Sci_Data,54,81,6,5,59,13,0
Science,1,2,0,0,1,0,0
Scientifica_(Cairo),0,0,0,0,0,0,0
ScientificWorldJournal,5,2,1,0,23,73,0
Sci_Pharm,0,0,0,0,0,1,0
Sci_Rep,854,1886,110,130,2122,3712,156
Sci_Technol_Adv_Mater,0,0,0,0,0,1,0
Sci_Total_Environ,0,0,0,0,0,1,0
Sci_Transl_Med,0,0,0,0,1,0,0
Scoliosis_Spinal_Disord,0,0,0,0,2,0,0
Semin_Cancer_Biol,0,0,0,0,0,1,0
Semin_Immunopathol,0,0,0,0,1,0,0
Sensors_(Basel),0,0,0,0,0,0,0
Sex_Med,0,0,0,0,0,1,0
Sex_Plant_Reprod,0,0,0,0,1,0,0
Sex_Transm_Infect,1,0,0,0,2,0,0
Shanghai_Arch_Psychiatry,0,0,0,0,1,0,0
Shock,0,0,0,0,0,1,0
Signal_Transduct_Target_Ther,1,0,0,0,1,15,0
Silence,0,0,0,0,2,1,0
Skelet_Muscle,6,1,0,0,18,19,3
SLAS_Technol,0,0,0,0,0,0,1
Sleep,0,0,0,0,1,0,0
Small_GTPases,0,0,0,0,2,1,0
Soc_Psychiatry_Psychiatr_Epidemiol,0,0,0,0,3,0,0
Source_Code_Biol_Med,4,2,1,0,8,3,0
South_Afr_J_HIV_Med,0,0,0,0,1,0,0
Spermatogenesis,0,0,0,0,0,2,0
Springerplus,4,10,0,0,11,81,1
Stand_Genomic_Sci,7,233,5,1,1,2,0
Stat_Anal_Data_Min,0,0,0,0,0,1,0
Stat_Med,0,0,0,0,2,0,0
Stat_Methods_Med_Res,0,0,0,0,1,0,0
Stem_Cell_Reports,23,23,1,1,386,16,1
Stem_Cell_Res,1,0,0,0,7,12,0
Stem_Cell_Res_Ther,8,5,0,0,72,140,0
Stem_Cell_Res_Ther_(Walnut),0,0,0,0,0,0,0
Stem_Cell_Rev,1,0,0,0,6,8,0
Stem_Cells,2,1,0,0,19,12,0
Stem_Cells_Cloning,0,0,0,0,0,4,0
Stem_Cells_Dev,0,0,0,0,4,6,0
Stem_Cells_Int,6,1,0,1,28,128,0
Stem_Cells_Transl_Med,2,0,0,0,11,14,0
Stroke,0,0,0,0,0,0,1
Stroke_Res_Treat,0,0,0,0,0,1,0
Struct_Dyn,0,0,0,0,0,2,0
Structure,0,0,0,0,1,10,0
Stud_Mycol,1,2,0,0,2,9,0
Subst_Abuse,0,0,0,0,1,0,0
Subst_Abuse_Treat_Prev_Policy,0,0,0,0,1,0,0
Summit_on_Translat_Bioinforma,0,1,0,0,1,0,0
Surg_Case_Rep,0,0,0,0,0,2,0
Surg_Endosc,0,0,0,0,1,0,0
Surg_Neurol_Int,0,0,0,0,1,6,0
Symbiosis,0,0,1,0,1,0,0
Synth_Syst_Biotechnol,1,1,0,0,0,10,0
Syst_Biol,2,6,0,0,0,2,0
Syst_Rev,0,1,0,0,7,0,0
Syst_Synth_Biol,0,0,0,0,0,1,0
Tanaffos,0,0,0,0,0,1,0
Technol_Cancer_Res_Treat,4,0,0,0,4,26,0
Technol_Health_Care,0,0,0,0,3,1,0
Technology_(Singap_World_Sci),0,0,0,0,0,0,0
Temperature_(Austin),0,0,0,0,0,0,0
Theor_Appl_Genet,0,9,0,0,4,30,0
Theor_Biol_Med_Model,0,0,0,0,9,3,0
Theory_Biosci,0,0,0,0,0,0,1
Ther_Adv_Cardiovasc_Dis,0,0,0,0,0,1,0
Ther_Adv_Chronic_Dis,0,1,0,0,0,0,0
Ther_Adv_Med_Oncol,1,0,0,0,3,22,0
Ther_Adv_Neurol_Disord,0,0,0,0,0,1,0
Ther_Adv_Ophthalmol,1,0,0,0,0,0,0
Ther_Adv_Respir_Dis,0,0,0,0,0,1,0
Ther_Adv_Urol,0,0,0,0,0,1,0
Theranostics,39,5,1,1,47,113,0
Therap_Adv_Gastroenterol,0,0,0,0,0,1,0
Ther_Clin_Risk_Manag,0,0,0,0,1,4,0
TH_Open,0,0,0,0,0,1,0
Thorac_Cancer,4,0,0,0,8,34,0
Thorax,1,2,0,0,4,0,0
Thromb_Haemost,1,0,0,0,0,1,0
Thromb_J,0,0,0,0,0,1,0
Thyroid,1,0,0,0,0,1,0
Thyroid_Res,0,0,0,0,0,4,0
Ticks_Tick_Borne_Dis,0,0,0,0,0,1,0
Tissue_Barriers,0,0,0,0,0,1,1
Tissue_Eng_Part_A,0,0,0,0,0,1,0
Tob_Induc_Dis,0,0,0,0,1,2,0
Tomography,0,0,0,0,0,4,0
Toxicol_Appl_Pharmacol,0,0,0,0,2,0,0
Toxicol_Mech_Methods,0,0,0,0,1,1,0
Toxicol_Rep,1,0,1,0,2,17,0
Toxicol_Res,0,0,0,0,1,11,0
Toxicol_Res_(Camb),0,0,0,0,0,0,0
Toxicol_Sci,0,0,0,0,15,4,0
Toxics,0,0,0,0,1,2,0
Toxins_(Basel),0,0,0,0,0,0,0
Traffic,0,0,0,0,1,10,0
Transbound_Emerg_Dis,0,0,0,0,0,2,0
Transcription,1,0,0,0,3,3,0
Transcr_Open_Access,0,0,0,0,1,0,0
Transgenic_Res,0,0,0,0,0,13,1
Transl_Androl_Urol,0,0,0,0,2,13,0
Translation_(Austin),0,0,0,0,0,0,0
Transl_Neurodegener,0,0,0,0,3,3,0
Transl_Neurosci,0,0,0,0,1,3,0
Transl_Oncogenomics,0,0,0,0,0,2,0
Transl_Oncol,7,0,1,0,17,60,1
Transl_Psychiatry,11,4,0,3,72,25,43
Transl_Respir_Med,0,0,0,0,1,1,0
Transl_Stroke_Res,0,0,0,0,0,2,0
Transl_Vis_Sci_Technol,0,0,0,0,1,2,0
Transplantation,0,0,0,0,1,1,1
Transplant_Direct,0,0,0,0,1,1,0
Transplant_Res,0,0,0,0,0,1,0
Trans_R_Soc_Trop_Med_Hyg,0,0,1,0,0,1,0
Tree_Physiol,1,0,0,0,0,0,0
Tremor_Other_Hyperkinet_Mov_(N_Y),0,0,0,0,0,0,0
Trends_Biochem_Sci,0,0,0,0,0,0,1
Trends_Endocrinol_Metab,0,0,0,0,0,0,1
Trends_Hear,0,0,0,0,1,0,0
Trends_Mol_Med,0,0,0,0,0,0,1
Trends_Plant_Sci,0,0,0,0,1,0,0
Trials,0,0,0,0,40,1,0
Trop_Life_Sci_Res,0,0,0,0,0,2,0
Trop_Med_Health,0,0,0,0,0,10,0
Trop_Med_Infect_Dis,0,1,0,0,0,4,0
Trop_Parasitol,0,0,0,0,0,2,0
Tuberc_Respir_Dis_(Seoul),0,0,0,0,0,0,0
Tuberc_Res_Treat,0,0,0,0,1,3,0
Tuberculosis_(Edinb),0,0,0,0,0,0,0
Tumour_Biol,1,0,0,0,5,15,0
Turk_J_Biol,0,1,0,0,0,3,0
Turk_J_Haematol,0,0,0,0,1,2,0
Ulster_Med_J,0,0,0,0,2,1,0
Ultrasonography,0,0,0,0,0,1,0
United_European_Gastroenterol_J,0,0,0,0,4,0,0
Ups_J_Med_Sci,0,0,0,0,0,7,0
Urol_Ann,0,0,0,0,1,1,0
Urol_Case_Rep,0,0,0,0,0,1,0
Vaccine,0,0,2,0,2,5,0
Vaccines_(Basel),0,0,0,0,0,0,0
Vasc_Cell,0,0,0,0,2,6,0
Vascul_Pharmacol,0,0,0,0,0,2,0
Vector_Borne_Zoonotic_Dis,0,0,0,0,0,2,0
Vet_Immunol_Immunopathol,0,0,0,0,0,2,0
Vet_J,0,0,0,0,0,1,0
Vet_Med_Int,0,0,0,0,1,7,0
Vet_Med_Sci,0,0,0,0,0,8,0
Vet_Microbiol,0,0,0,0,0,2,0
Vet_Parasitol,0,0,0,0,0,3,0
Vet_Parasitol_Reg_Stud_Reports,0,0,0,0,0,1,0
Vet_Rec,0,0,0,0,0,1,0
Vet_Rec_Open,0,1,0,0,0,2,0
Vet_Res,6,9,0,0,20,127,0
Vet_Res_Commun,0,0,0,0,1,2,0
Vet_Res_Forum,0,0,0,0,0,13,0
Vet_Sci,0,2,0,0,0,6,0
Vet_World,0,1,0,0,0,40,0
Virchows_Arch,0,0,0,0,0,6,0
Virol_J,13,17,1,1,20,483,0
Virology,2,0,1,0,0,7,0
Virology_(Auckl),0,0,0,0,0,0,0
Virulence,1,4,3,0,6,28,0
Viruses,12,61,4,2,20,243,0
Virus_Evol,3,22,3,0,0,2,2
Virus_Genes,0,1,0,0,0,6,0
Virus_Res,0,0,0,0,0,3,0
Waste_Manag,0,1,0,0,0,0,0
Water_Air_Soil_Pollut,0,1,0,0,0,1,0
Water_Res_X,0,0,1,0,0,0,0
Wellcome_Open_Res,6,1,7,0,9,15,2
Western_Pac_Surveill_Response_J,0,0,0,0,1,1,0
West_J_Emerg_Med,0,0,0,0,0,1,0
Wiley_Interdiscip_Rev_RNA,0,1,0,0,1,1,0
Wiley_Interdiscip_Rev_Syst_Biol_Med,0,0,0,0,0,1,1
World_Allergy_Organ_J,0,0,0,0,2,0,0
World_J_Biol_Chem,0,0,0,0,1,0,0
World_J_Cardiol,0,0,0,0,0,1,1
World_J_Clin_Oncol,0,0,0,0,1,4,0
World_J_Diabetes,0,0,0,0,0,1,0
World_J_Emerg_Surg,0,0,0,0,1,0,0
World_J_Gastroenterol,8,5,0,0,9,69,1
World_J_Gastrointest_Oncol,1,0,0,0,1,10,0
World_J_Gastrointest_Pharmacol_Ther,0,0,0,0,0,1,0
World_J_Hepatol,0,0,0,0,2,2,0
World_J_Microbiol_Biotechnol,0,1,0,0,0,6,0
World_J_Oncol,0,0,0,0,1,2,0
World_J_Otorhinolaryngol_Head_Neck_Surg,0,0,0,0,0,2,0
World_J_Plast_Surg,0,0,0,0,0,1,0
World_J_Stem_Cells,1,0,1,0,0,1,0
World_J_Surg,0,0,0,0,0,2,0
World_J_Surg_Oncol,8,0,0,0,15,28,0
World_J_Urol,0,0,0,0,0,3,0
World_J_Virol,0,0,0,0,0,1,0
Worm,0,0,0,0,1,1,0
Xenotransplantation,1,0,0,0,0,3,0
Yale_J_Biol_Med,0,0,0,0,2,1,0
Yearb_Med_Inform,0,0,0,0,0,1,0
Yeast,0,1,0,0,2,2,0
Yonsei_Med_J,2,0,0,0,4,25,0
Zdr_Varst,0,0,0,0,1,0,0
Zebrafish,0,0,0,0,0,2,0
Zoo_Biol,0,0,0,0,1,0,0
Zookeys,0,4,0,1,3,59,0
Zool_J_Linn_Soc,0,0,0,0,0,1,0
Zoological_Lett,3,3,0,1,0,8,0
Zool_Res,0,0,1,0,0,2,0
Zygote,0,0,0,0,0,1,0
